Loan_ID,Gender,Married,Dependend,Education,Self_Employment,Application,Coapplication,LoanAmount,Credit_History,Property_Area,Loan_status
LP1001,,No,3+,Graduate,Yes,5745.07,1889.39,155.91,,Rural,N
LP1002,Male,Yes,3+,Not Grad,Yes,7284.54,1812.68,120.63,,Semiurban,Y
LP1003,Female,Yes,1,Not Grad,No,7368.82,2613.95,111.22,0.0,Urban,Y
LP1004,,Yes,1,Not Grad,,5813.84,1629.27,111.37,0.0,Urban,Y
LP1005,Female,Yes,,Not Grad,,5362.94,469.38,61.0,0.0,Rural,N
LP1006,Female,Yes,,Not Grad,,4156.57,1189.74,142.57,,Rural,N
LP1007,Male,Yes,1,Graduate,Yes,3637.96,870.16,188.63,1.0,Semiurban,Y
LP1008,Female,,0,Graduate,No,4661.34,2054.02,73.01,,Semiurban,N
LP1009,Female,Yes,2,Graduate,,4183.43,2088.74,83.96,0.0,Urban,N
LP1010,Female,,0,Not Grad,,5563.55,1519.49,118.33,0.0,Rural,Y
LP1011,Male,,1,Not Grad,Yes,4097.44,3481.82,129.46,,Semiurban,Y
LP1012,Female,No,1,Not Grad,Yes,3413.43,2658.04,81.17,,Rural,Y
LP1013,Male,No,1,Not Grad,Yes,5313.3,432.26,76.87,1.0,Semiurban,N
LP1014,Female,No,2,Not Grad,,5295.29,2590.77,136.85,,Urban,Y
LP1015,Male,Yes,0,Graduate,,4826.53,1759.12,70.86,1.0,Urban,N
LP1016,Male,Yes,3+,Graduate,,3920.23,1631.49,172.28,1.0,Rural,N
LP1017,Female,Yes,1,Not Grad,Yes,5515.43,589.57,142.96,1.0,Rural,N
LP1018,,,,Graduate,,4422.38,1458.46,154.47,1.0,Semiurban,Y
LP1019,,No,3+,Not Grad,Yes,6546.5,2745.02,96.43,1.0,Semiurban,Y
LP1020,Male,No,2,Graduate,Yes,4536.18,2265.01,169.02,,Rural,Y
LP1021,Male,Yes,0,Not Grad,,4281.24,1851.47,85.75,0.0,Rural,Y
LP1022,,Yes,1,Not Grad,Yes,3205.69,2650.02,184.25,,Rural,N
LP1023,Female,Yes,,Graduate,Yes,4891.98,2802.83,144.47,,Rural,Y
LP1024,,Yes,0,Not Grad,Yes,4032.32,2289.12,191.52,,Semiurban,Y
LP1025,,No,3+,Not Grad,,4946.26,3251.71,25.21,0.0,Rural,Y
LP1026,Male,Yes,1,Graduate,Yes,6232.85,2069.64,118.04,0.0,Semiurban,Y
LP1027,Female,Yes,,Graduate,,5137.64,409.94,121.21,,Rural,Y
LP1028,,,3+,Graduate,Yes,5535.67,3182.32,109.27,,Rural,N
LP1029,Male,,0,Graduate,Yes,3787.26,1598.59,166.62,,Rural,Y
LP1030,Male,,1,Graduate,,5493.13,1576.19,150.53,0.0,Urban,Y
LP1031,,,,Not Grad,Yes,5145.62,2774.92,101.92,0.0,Semiurban,Y
LP1032,,No,0,Graduate,Yes,4508.51,1686.31,71.46,0.0,Rural,N
LP1033,Female,,,Graduate,Yes,5444.18,2208.84,130.2,1.0,Semiurban,Y
LP1034,Female,No,3+,Not Grad,,4648.12,867.7,113.17,,Semiurban,Y
LP1035,Female,,0,Graduate,No,4485.93,1358.18,123.55,,Rural,Y
LP1036,,No,3+,Not Grad,No,5606.08,3508.95,136.98,0.0,Urban,Y
LP1037,,,1,Not Grad,Yes,5386.33,1940.44,53.25,,Semiurban,Y
LP1038,Male,No,,Not Grad,,4960.23,2048.18,228.53,,Semiurban,Y
LP1039,,No,0,Not Grad,,4711.46,2241.24,128.61,0.0,Semiurban,Y
LP1040,,No,,Not Grad,,3246.98,2914.26,160.08,,Urban,N
LP1041,,,3+,Graduate,Yes,6186.55,1272.49,186.11,0.0,Rural,N
LP1042,Female,,2,Graduate,Yes,2897.22,2469.49,217.62,1.0,Semiurban,Y
LP1043,,No,2,Not Grad,,3514.2,1546.96,133.99,,Semiurban,N
LP1044,Male,No,1,Not Grad,,4244.79,759.47,132.74,,Rural,Y
LP1045,Female,Yes,1,Graduate,Yes,3406.54,2378.87,93.22,0.0,Urban,N
LP1046,Male,Yes,2,Graduate,No,7324.9,1373.4,117.12,,Semiurban,N
LP1047,,,1,Not Grad,,6220.28,1015.31,139.1,1.0,Rural,Y
LP1048,Male,,0,Not Grad,Yes,6960.71,714.01,137.39,,Semiurban,N
LP1049,,No,,Not Grad,No,5389.82,2625.46,80.52,0.0,Rural,N
LP1050,,Yes,2,Graduate,Yes,3019.32,2417.55,141.88,0.0,Semiurban,Y
LP1051,,,2,Not Grad,No,5375.74,2277.16,102.8,1.0,Urban,Y
LP1052,Female,,3+,Graduate,,5348.38,2234.46,101.43,0.0,Rural,N
LP1053,,No,0,Not Grad,No,7798.66,2379.07,82.35,0.0,Semiurban,Y
LP1054,,Yes,0,Graduate,Yes,5984.83,1220.25,161.48,,Semiurban,N
LP1055,,,2,Not Grad,No,6737.89,1343.45,168.54,,Semiurban,Y
LP1056,Female,No,0,Not Grad,Yes,5619.17,2657.65,205.87,0.0,Semiurban,Y
LP1057,Male,,2,Graduate,,4631.92,1397.01,94.42,1.0,Semiurban,N
LP1058,,No,2,Graduate,No,3776.28,1938.32,143.65,0.0,Urban,Y
LP1059,Male,No,2,Not Grad,No,5415.04,2661.75,130.52,0.0,Rural,N
LP1060,,No,0,Not Grad,Yes,7180.3,1788.27,238.81,0.0,Rural,N
LP1061,Female,No,2,Not Grad,No,5938.5,1314.27,87.16,,Rural,Y
LP1062,Male,,2,Graduate,,5723.71,1821.23,158.56,,Urban,Y
LP1063,,,1,Not Grad,,5709.86,1941.74,96.13,1.0,Urban,Y
LP1064,,,,Not Grad,,2727.73,1642.79,164.26,,Urban,Y
LP1065,Female,Yes,,Graduate,Yes,5321.14,1003.41,136.93,1.0,Rural,Y
LP1066,,,2,Graduate,No,5577.98,1292.91,136.15,1.0,Semiurban,N
LP1067,,Yes,2,Not Grad,Yes,5087.31,1085.62,144.31,,Rural,N
LP1068,Female,,3+,Graduate,Yes,5841.18,2866.44,172.15,0.0,Semiurban,Y
LP1069,Female,No,2,Graduate,Yes,2933.5,1249.74,150.6,0.0,Rural,Y
LP1070,,,,Not Grad,No,5770.68,2412.04,284.11,0.0,Urban,Y
LP1071,,,3+,Graduate,Yes,5856.34,2908.45,168.16,,Rural,Y
LP1072,Male,No,,Not Grad,,5977.09,1747.78,160.36,1.0,Rural,N
LP1073,Male,No,2,Not Grad,No,3840.76,1810.55,110.59,1.0,Rural,Y
LP1074,Female,Yes,3+,Graduate,No,5122.81,3851.73,55.31,,Urban,Y
LP1075,,,,Not Grad,Yes,6029.39,709.83,111.12,,Semiurban,Y
LP1076,,Yes,3+,Graduate,,6633.43,2051.42,86.89,0.0,Semiurban,Y
LP1077,,,,Graduate,Yes,3927.04,2543.68,100.79,1.0,Semiurban,N
LP1078,Female,No,1,Graduate,Yes,5324.69,2036.46,103.94,0.0,Semiurban,Y
LP1079,Female,No,3+,Graduate,No,8215.92,2507.14,48.99,0.0,Urban,N
LP1080,,No,3+,Graduate,Yes,5279.68,1470.57,164.1,1.0,Urban,N
LP1081,Male,,1,Graduate,Yes,3811.22,1908.21,150.2,0.0,Rural,Y
LP1082,Female,,2,Graduate,Yes,6298.63,1039.76,116.62,1.0,Semiurban,N
LP1083,,Yes,1,Graduate,,4287.58,1477.34,200.62,1.0,Urban,N
LP1084,,,2,Graduate,Yes,5607.47,991.29,166.71,0.0,Urban,N
LP1085,,No,,Not Grad,Yes,8183.23,2825.97,69.23,,Rural,N
LP1086,Female,Yes,1,Graduate,No,4273.65,3013.53,101.69,,Semiurban,N
LP1087,,No,0,Graduate,No,5665.73,2619.71,92.92,0.0,Urban,Y
LP1088,Male,No,,Not Grad,Yes,4910.71,-593.01,89.02,,Semiurban,N
LP1089,Female,No,,Not Grad,,4621.15,1001.77,195.3,1.0,Urban,Y
LP1090,Female,No,3+,Graduate,Yes,2854.79,1647.96,135.23,1.0,Urban,Y
LP1091,Female,,1,Graduate,,7161.91,851.31,176.53,,Semiurban,N
LP1092,,Yes,3+,Graduate,,5015.35,1214.79,148.48,1.0,Rural,N
LP1093,Male,Yes,,Graduate,,5298.59,1519.83,132.79,,Rural,N
LP1094,Male,Yes,3+,Not Grad,Yes,4422.03,2090.81,156.49,,Semiurban,Y
LP1095,Female,,2,Graduate,Yes,7379.03,1009.75,215.32,0.0,Urban,Y
LP1096,Female,,1,Not Grad,Yes,2071.87,1878.57,153.53,1.0,Semiurban,N
LP1097,,No,0,Not Grad,,5421.49,1501.84,121.68,,Semiurban,N
LP1098,,,,Not Grad,,4260.5,1528.51,163.98,0.0,Urban,N
LP1099,Female,,2,Graduate,No,5535.52,1445.67,165.98,1.0,Semiurban,Y
LP1100,Male,No,3+,Graduate,,5460.95,2650.29,155.19,0.0,Urban,N
LP1101,Female,No,3+,Not Grad,No,3756.51,1551.86,159.89,1.0,Rural,N
LP1102,,No,1,Graduate,Yes,5915.56,1983.28,134.69,0.0,Semiurban,N
LP1103,,No,1,Graduate,,6916.5,1526.74,151.88,1.0,Rural,Y
LP1104,Female,Yes,3+,Graduate,No,4696.71,1825.86,173.95,0.0,Rural,Y
LP1105,Male,,1,Graduate,No,6238.12,2650.81,182.22,0.0,Rural,N
LP1106,Male,No,,Graduate,Yes,5031.51,2545.56,117.59,0.0,Urban,N
LP1107,Female,,,Not Grad,No,5486.25,1895.89,133.88,1.0,Urban,N
LP1108,Female,,,Not Grad,Yes,5892.74,1345.42,213.7,1.0,Semiurban,Y
LP1109,Male,Yes,3+,Graduate,No,3490.97,1028.65,176.32,1.0,Urban,N
LP1110,Male,,1,Not Grad,No,6187.49,2499.3,155.13,0.0,Urban,N
LP1111,,No,2,Graduate,No,4981.63,1282.2,133.03,0.0,Urban,Y
LP1112,Female,No,0,Graduate,No,3984.26,2780.1,124.12,1.0,Rural,N
LP1113,Female,No,,Not Grad,,3761.75,1742.89,146.52,0.0,Semiurban,Y
LP1114,Female,Yes,3+,Not Grad,,4154.41,1342.22,139.75,1.0,Semiurban,Y
LP1115,Male,,,Graduate,No,5367.45,1594.45,111.16,0.0,Urban,Y
LP1116,,,1,Graduate,Yes,5348.07,841.53,73.7,0.0,Semiurban,N
LP1117,Male,No,2,Not Grad,,3922.33,1829.24,142.44,,Rural,Y
LP1118,,Yes,3+,Graduate,,7213.03,2686.13,123.6,0.0,Semiurban,N
LP1119,Male,Yes,2,Graduate,No,4971.48,1197.98,129.26,,Semiurban,N
LP1120,Male,Yes,,Graduate,Yes,4567.01,2258.17,96.91,,Semiurban,Y
LP1121,Female,,1,Not Grad,Yes,5779.02,3226.19,125.65,,Semiurban,N
LP1122,Male,No,2,Not Grad,No,5602.57,2552.12,113.95,1.0,Urban,N
LP1123,,Yes,,Graduate,Yes,5336.14,2010.07,133.91,0.0,Semiurban,Y
LP1124,Female,No,1,Not Grad,Yes,3840.49,2019.61,149.92,0.0,Rural,Y
LP1125,Male,Yes,1,Graduate,Yes,7176.72,2767.42,216.13,,Semiurban,Y
LP1126,,,1,Not Grad,,3848.98,2697.86,137.33,0.0,Semiurban,Y
LP1127,,,1,Graduate,No,8284.7,1353.36,96.41,0.0,Urban,N
LP1128,Female,,0,Not Grad,,4100.91,300.88,108.97,1.0,Rural,N
LP1129,Male,Yes,2,Not Grad,Yes,3861.3,2120.32,143.67,1.0,Rural,Y
LP1130,Male,Yes,3+,Graduate,,7814.26,2760.34,106.92,1.0,Semiurban,Y
LP1131,Male,Yes,2,Not Grad,No,3652.38,2393.54,77.19,1.0,Urban,N
LP1132,Male,,3+,Graduate,,7747.19,2943.55,111.23,,Rural,Y
LP1133,,Yes,3+,Not Grad,Yes,2430.3,3083.1,125.42,,Urban,Y
LP1134,Male,Yes,,Not Grad,,6856.72,724.46,106.02,,Rural,N
LP1135,,Yes,2,Not Grad,No,5007.87,2037.58,112.0,0.0,Urban,N
LP1136,Male,,2,Graduate,No,5934.27,1145.9,124.3,,Urban,N
LP1137,Female,Yes,2,Not Grad,No,5180.44,2411.55,158.46,0.0,Urban,Y
LP1138,Male,,2,Graduate,,3313.04,772.71,181.11,,Semiurban,N
LP1139,Female,Yes,0,Graduate,No,5498.47,1401.21,192.05,0.0,Urban,N
LP1140,Female,Yes,2,Not Grad,Yes,5173.51,2943.44,132.7,0.0,Urban,Y
LP1141,Female,Yes,1,Not Grad,Yes,8091.12,3404.27,120.04,,Rural,N
LP1142,Female,,,Not Grad,No,6457.36,2516.3,184.75,0.0,Semiurban,Y
LP1143,Male,,3+,Not Grad,Yes,3552.61,2548.84,172.34,0.0,Semiurban,Y
LP1144,Male,No,2,Graduate,No,2361.89,1053.39,48.43,0.0,Semiurban,N
LP1145,Female,,,Graduate,No,4595.89,2574.03,190.09,,Rural,Y
LP1146,Male,No,1,Not Grad,Yes,5111.14,3302.89,74.8,1.0,Rural,Y
LP1147,Female,No,1,Graduate,Yes,2444.93,1955.56,145.36,,Urban,Y
LP1148,Male,Yes,2,Graduate,,4950.96,346.05,126.44,1.0,Semiurban,N
LP1149,Female,,2,Not Grad,No,3043.3,2535.74,144.66,0.0,Rural,N
LP1150,,,,Not Grad,No,3590.18,1588.91,87.63,1.0,Semiurban,Y
LP1151,,Yes,0,Not Grad,No,4905.98,2764.11,90.57,1.0,Semiurban,N
LP1152,Female,,2,Not Grad,No,5756.07,1575.79,98.29,1.0,Semiurban,N
LP1153,Male,Yes,,Not Grad,Yes,4839.45,1171.81,107.85,,Semiurban,Y
LP1154,Male,No,1,Not Grad,Yes,3203.18,3571.78,131.41,0.0,Urban,N
LP1155,,No,2,Graduate,Yes,3950.41,2171.18,125.51,1.0,Rural,Y
LP1156,,No,,Graduate,,4668.55,2491.33,160.3,1.0,Urban,Y
LP1157,,,2,Not Grad,No,4204.25,1539.35,119.0,1.0,Urban,Y
LP1158,,Yes,1,Graduate,No,1547.12,787.85,184.67,1.0,Urban,Y
LP1159,Female,Yes,2,Graduate,No,7467.45,1800.77,153.06,0.0,Rural,Y
LP1160,,Yes,0,Not Grad,No,5466.88,4463.1,174.78,,Semiurban,Y
LP1161,,,0,Graduate,No,4808.12,1235.57,65.74,,Urban,N
LP1162,,,2,Graduate,No,5305.2,1394.92,73.11,1.0,Rural,N
LP1163,,,2,Graduate,No,4030.14,1134.76,197.49,,Rural,Y
LP1164,,Yes,3+,Graduate,Yes,6322.46,1993.62,189.2,1.0,Semiurban,N
LP1165,,No,3+,Not Grad,,5116.05,1310.97,190.92,1.0,Rural,N
LP1166,Male,No,0,Not Grad,Yes,5808.37,1170.2,122.39,0.0,Rural,Y
LP1167,Male,Yes,0,Not Grad,,3686.57,893.76,167.05,,Rural,Y
LP1168,,Yes,1,Graduate,Yes,7864.12,881.15,152.52,0.0,Semiurban,N
LP1169,,No,0,Graduate,Yes,4024.04,1610.3,106.3,,Rural,Y
LP1170,,No,0,Not Grad,No,3704.01,2038.82,96.76,,Urban,N
LP1171,,No,2,Graduate,No,5405.69,1959.81,120.44,,Urban,Y
LP1172,Male,Yes,1,Not Grad,,3638.65,1538.58,160.22,1.0,Semiurban,Y
LP1173,Male,No,,Graduate,No,5751.38,1217.96,133.97,,Urban,N
LP1174,Female,No,0,Not Grad,Yes,6127.08,664.48,151.73,,Semiurban,Y
LP1175,,Yes,0,Not Grad,No,4006.06,2456.48,99.47,0.0,Urban,N
LP1176,Male,Yes,0,Graduate,No,2292.68,697.97,131.92,1.0,Rural,N
LP1177,Male,,3+,Graduate,,5389.58,1276.55,155.54,1.0,Rural,Y
LP1178,Female,No,2,Graduate,,2507.72,1947.14,81.56,,Semiurban,N
LP1179,Female,Yes,1,Graduate,No,4022.25,2037.92,95.58,1.0,Semiurban,Y
LP1180,Male,,2,Graduate,,4423.17,2805.03,106.92,1.0,Rural,N
LP1181,,No,1,Graduate,Yes,6253.54,1096.23,151.19,,Urban,N
LP1182,Female,,3+,Graduate,No,7162.35,22.68,98.12,0.0,Semiurban,N
LP1183,,Yes,3+,Graduate,No,5865.61,1837.56,144.85,1.0,Urban,N
LP1184,,No,0,Not Grad,No,4094.02,2069.27,123.77,,Semiurban,N
LP1185,Female,,3+,Not Grad,Yes,6751.67,2203.54,143.5,1.0,Rural,Y
LP1186,,,,Not Grad,Yes,4382.18,1609.92,112.7,1.0,Rural,Y
LP1187,Male,Yes,,Not Grad,Yes,5591.68,1663.21,141.59,0.0,Semiurban,N
LP1188,,,2,Not Grad,Yes,8113.1,2696.9,116.96,1.0,Rural,N
LP1189,,No,,Not Grad,,6801.82,1673.54,48.48,0.0,Urban,Y
LP1190,,,0,Not Grad,,3487.87,503.37,115.94,0.0,Semiurban,N
LP1191,,No,3+,Graduate,,5027.63,3341.15,143.08,0.0,Rural,N
LP1192,Male,,1,Not Grad,No,4671.35,2663.52,41.55,0.0,Urban,Y
LP1193,,No,2,Not Grad,,5353.42,2616.69,70.86,0.0,Rural,N
LP1194,Female,,3+,Graduate,,6715.63,2270.8,113.39,,Semiurban,Y
LP1195,Male,No,,Not Grad,No,5949.17,3816.55,137.27,1.0,Urban,Y
LP1196,Male,No,1,Not Grad,No,5372.33,1632.51,96.01,,Rural,N
LP1197,Female,No,,Not Grad,Yes,6245.5,1315.13,132.86,0.0,Rural,N
LP1198,Female,Yes,1,Not Grad,,4283.51,2383.18,143.35,,Semiurban,N
LP1199,,,2,Not Grad,Yes,6556.31,1591.99,119.21,1.0,Semiurban,Y
LP1200,,,,Not Grad,,3531.85,1644.57,145.09,0.0,Semiurban,Y
LP1201,Male,No,3+,Graduate,No,6135.48,1262.27,164.78,0.0,Semiurban,Y
LP1202,Male,Yes,,Graduate,No,7033.46,2330.75,205.07,0.0,Rural,Y
LP1203,Male,,0,Graduate,No,3839.32,1004.28,58.85,0.0,Urban,N
LP1204,,No,0,Not Grad,,7244.07,2523.49,127.78,0.0,Rural,Y
LP1205,Male,,0,Not Grad,No,5419.95,1099.61,227.83,,Urban,N
LP1206,,No,2,Not Grad,Yes,5193.83,2087.52,159.03,,Rural,Y
LP1207,Female,,1,Graduate,Yes,5721.51,2179.11,98.38,0.0,Urban,N
LP1208,Female,No,1,Not Grad,No,5707.2,3505.62,183.82,1.0,Urban,Y
LP1209,Male,Yes,0,Not Grad,Yes,7389.78,1591.03,90.42,,Semiurban,Y
LP1210,,,2,Not Grad,,4811.32,2044.58,173.77,,Rural,N
LP1211,Female,,,Not Grad,No,2461.3,3223.64,123.68,0.0,Urban,Y
LP1212,Male,Yes,3+,Graduate,Yes,4359.68,1190.32,63.81,1.0,Semiurban,N
LP1213,Female,No,0,Not Grad,Yes,6234.76,2058.65,78.4,,Rural,Y
LP1214,,No,1,Graduate,No,3057.38,1731.37,196.76,,Rural,Y
LP1215,Male,No,3+,Not Grad,,4610.61,797.49,120.17,0.0,Urban,N
LP1216,,Yes,1,Not Grad,No,4590.91,-157.51,127.83,,Semiurban,Y
LP1217,,No,1,Graduate,Yes,4653.6,2556.97,203.96,0.0,Rural,N
LP1218,,Yes,1,Graduate,No,6689.85,1784.89,85.74,0.0,Semiurban,N
LP1219,Female,Yes,2,Not Grad,,8860.04,2047.37,130.56,,Urban,Y
LP1220,,Yes,1,Not Grad,No,4963.81,2158.47,124.23,,Urban,Y
LP1221,,Yes,3+,Not Grad,Yes,4139.51,1562.51,128.69,,Semiurban,Y
LP1222,Male,Yes,2,Not Grad,No,4184.86,1429.72,134.26,,Urban,Y
LP1223,,,3+,Graduate,No,4617.53,3203.19,23.96,,Rural,Y
LP1224,,No,0,Graduate,No,6637.26,2996.87,47.06,,Semiurban,N
LP1225,,Yes,0,Graduate,Yes,4485.97,1702.85,73.7,0.0,Semiurban,N
LP1226,Female,Yes,1,Not Grad,Yes,3833.27,1111.54,200.09,1.0,Rural,Y
LP1227,Female,No,1,Not Grad,No,6403.52,3017.24,158.87,1.0,Urban,N
LP1228,Male,Yes,1,Not Grad,,3306.42,1580.38,149.57,,Semiurban,N
LP1229,Male,No,2,Graduate,No,3166.81,2570.4,120.39,0.0,Rural,N
LP1230,Female,No,,Not Grad,Yes,4437.77,2568.77,147.77,,Rural,N
LP1231,Female,Yes,2,Not Grad,No,4458.55,2927.46,86.76,,Semiurban,N
LP1232,Male,Yes,,Graduate,,5923.9,2474.48,117.62,1.0,Rural,Y
LP1233,Male,No,1,Graduate,,5489.2,999.11,166.96,1.0,Semiurban,N
LP1234,Male,,2,Not Grad,No,4722.65,1581.82,171.96,0.0,Rural,N
LP1235,Male,,,Graduate,No,3943.48,873.23,67.73,0.0,Urban,N
LP1236,,Yes,1,Not Grad,No,5909.01,975.66,200.19,,Rural,Y
LP1237,Female,No,2,Not Grad,No,1877.11,3357.17,138.44,,Urban,Y
LP1238,,Yes,1,Graduate,,4854.93,1564.06,145.97,,Urban,N
LP1239,Female,No,1,Not Grad,Yes,4943.55,2882.64,134.57,,Semiurban,Y
LP1240,,,0,Graduate,No,5225.45,1709.11,127.72,1.0,Semiurban,N
LP1241,,No,3+,Graduate,,5461.7,631.87,76.07,1.0,Urban,N
LP1242,Male,,2,Not Grad,No,6114.9,2136.69,122.64,,Rural,Y
LP1243,Female,,2,Graduate,No,5027.65,2278.07,108.41,0.0,Semiurban,Y
LP1244,Female,No,2,Graduate,,3832.54,2156.68,90.87,1.0,Rural,N
LP1245,Male,Yes,0,Not Grad,Yes,5612.38,637.93,171.17,0.0,Urban,N
LP1246,Female,Yes,2,Graduate,Yes,5708.9,2204.82,169.31,,Semiurban,Y
LP1247,Male,No,0,Not Grad,Yes,7498.21,2811.5,56.37,1.0,Semiurban,N
LP1248,,No,,Not Grad,Yes,3080.63,1500.15,131.04,,Semiurban,N
LP1249,Male,Yes,,Graduate,,5776.49,1419.4,137.47,,Rural,N
LP1250,Female,Yes,2,Graduate,No,3866.93,1510.79,73.73,,Semiurban,Y
LP1251,,,2,Graduate,Yes,3615.15,918.65,90.97,0.0,Urban,N
LP1252,,,,Graduate,,6580.46,1240.48,235.3,0.0,Urban,Y
LP1253,Male,,,Graduate,,5739.98,2147.87,95.67,0.0,Semiurban,N
LP1254,Female,,0,Not Grad,No,6050.46,1539.49,134.88,,Rural,N
LP1255,Female,,3+,Graduate,No,8840.13,1923.15,175.97,0.0,Semiurban,N
LP1256,,No,2,Not Grad,No,3945.24,1972.01,200.83,,Urban,N
LP1257,Male,Yes,,Graduate,,4059.55,3449.96,158.31,,Rural,Y
LP1258,Female,,3+,Not Grad,No,4156.3,2505.93,168.9,0.0,Semiurban,N
LP1259,Female,,3+,Graduate,No,5932.71,743.82,100.91,0.0,Rural,N
LP1260,Male,Yes,1,Not Grad,,4628.72,1940.45,154.83,1.0,Rural,N
LP1261,Female,,0,Graduate,No,5266.55,931.72,145.21,1.0,Urban,N
LP1262,,,1,Graduate,No,5915.88,2447.83,173.23,0.0,Urban,Y
LP1263,,No,3+,Not Grad,No,6250.88,2367.34,127.19,,Semiurban,Y
LP1264,Male,Yes,2,Graduate,Yes,2508.56,2343.69,138.31,1.0,Semiurban,Y
LP1265,Female,No,1,Graduate,Yes,5407.37,978.6,86.76,,Urban,N
LP1266,,,3+,Graduate,Yes,6579.73,1968.36,157.26,0.0,Rural,N
LP1267,,No,1,Graduate,No,5042.48,2023.8,167.53,0.0,Urban,N
LP1268,Female,No,3+,Not Grad,No,4225.93,2076.9,111.51,0.0,Rural,Y
LP1269,,Yes,,Not Grad,No,4348.26,1752.66,138.89,1.0,Rural,N
LP1270,Male,,,Not Grad,Yes,4281.88,3004.6,94.22,1.0,Rural,Y
LP1271,Female,No,0,Graduate,Yes,4719.69,1648.22,187.88,,Rural,Y
LP1272,Female,No,,Graduate,Yes,5294.83,2825.48,70.58,0.0,Urban,N
LP1273,Male,No,0,Graduate,Yes,5400.58,2711.7,133.29,0.0,Urban,N
LP1274,,,1,Not Grad,,6598.22,1586.17,186.37,,Urban,N
LP1275,,Yes,0,Not Grad,Yes,8448.35,1709.73,112.18,1.0,Urban,N
LP1276,,Yes,2,Graduate,,7180.08,3263.66,109.09,0.0,Urban,Y
LP1277,Male,,0,Graduate,,4369.72,1774.57,76.22,1.0,Urban,Y
LP1278,,Yes,0,Not Grad,,3622.02,1196.69,99.29,0.0,Urban,N
LP1279,Male,,1,Not Grad,,4947.97,2187.37,192.02,0.0,Rural,N
LP1280,,Yes,1,Graduate,,3502.47,2787.46,121.44,,Rural,N
LP1281,Male,Yes,2,Not Grad,,4925.8,2539.86,85.09,1.0,Urban,N
LP1282,,Yes,2,Not Grad,No,5573.61,2133.16,149.7,,Urban,N
LP1283,,Yes,2,Graduate,No,5433.75,3964.24,104.49,,Semiurban,N
LP1284,Male,No,1,Not Grad,Yes,4203.5,1501.49,107.78,,Rural,N
LP1285,Female,No,0,Graduate,,4043.92,2951.21,186.82,0.0,Semiurban,Y
LP1286,Male,,0,Not Grad,Yes,4143.88,1334.12,148.86,0.0,Urban,N
LP1287,Female,No,3+,Not Grad,,4171.67,2506.35,138.12,0.0,Rural,Y
LP1288,Male,Yes,3+,Not Grad,No,2726.38,3238.0,201.84,,Urban,N
LP1289,Male,,1,Graduate,Yes,4080.82,1689.84,141.43,0.0,Semiurban,N
LP1290,Female,,1,Not Grad,No,5501.69,2526.84,210.41,0.0,Rural,Y
LP1291,Female,No,0,Not Grad,,4734.58,1361.36,74.83,,Rural,Y
LP1292,,No,0,Graduate,No,3903.6,1973.5,201.78,0.0,Rural,N
LP1293,,,1,Graduate,,4223.58,2179.03,129.34,,Urban,N
LP1294,Male,,1,Not Grad,,6782.59,4021.55,108.77,,Semiurban,N
LP1295,Male,No,1,Not Grad,No,4265.84,2835.33,157.28,,Semiurban,N
LP1296,Male,,1,Graduate,,7770.06,2467.14,115.63,1.0,Urban,N
LP1297,,,0,Graduate,Yes,5885.98,2886.96,162.82,,Rural,N
LP1298,Female,,,Graduate,No,5760.91,2853.34,176.77,,Urban,Y
LP1299,Male,No,3+,Graduate,No,7073.24,2518.97,123.32,,Urban,Y
LP1300,Male,,2,Not Grad,Yes,5220.07,2965.21,97.32,0.0,Urban,N
LP1301,Male,Yes,,Not Grad,,5553.01,1685.33,131.15,1.0,Rural,Y
LP1302,,No,0,Not Grad,No,6917.68,2152.88,131.86,1.0,Rural,Y
LP1303,,Yes,,Graduate,No,2960.22,2597.0,155.82,1.0,Rural,Y
LP1304,Female,Yes,0,Not Grad,No,8244.88,1753.78,138.77,1.0,Rural,Y
LP1305,Male,No,1,Not Grad,,5374.08,3261.96,126.19,1.0,Rural,Y
LP1306,Male,No,3+,Graduate,Yes,5418.53,2486.32,137.46,,Semiurban,N
LP1307,,No,2,Not Grad,Yes,4330.35,2155.27,172.95,1.0,Semiurban,Y
LP1308,Male,,3+,Graduate,No,3460.23,2106.38,102.0,1.0,Rural,Y
LP1309,,Yes,3+,Graduate,No,6792.57,781.45,107.64,0.0,Urban,N
LP1310,,No,0,Graduate,,5565.82,3252.42,127.37,0.0,Urban,N
LP1311,,Yes,2,Graduate,,4167.2,3504.93,72.08,0.0,Semiurban,N
LP1312,Male,Yes,1,Graduate,,1701.79,2352.01,109.92,,Semiurban,Y
LP1313,Female,Yes,,Not Grad,No,3468.15,2566.69,139.75,,Semiurban,N
LP1314,Female,Yes,1,Not Grad,Yes,4153.88,975.76,164.9,,Urban,Y
LP1315,Female,,3+,Not Grad,,5975.3,1920.66,203.87,0.0,Semiurban,N
LP1316,,Yes,,Not Grad,Yes,3394.87,779.58,102.32,0.0,Rural,N
LP1317,,No,1,Graduate,,4931.62,2194.67,120.35,,Urban,N
LP1318,,,0,Graduate,No,5528.08,998.77,187.75,0.0,Rural,Y
LP1319,Female,Yes,2,Not Grad,Yes,4876.77,2893.84,143.71,1.0,Rural,Y
LP1320,Female,,1,Not Grad,Yes,5685.13,2455.81,147.91,0.0,Semiurban,Y
LP1321,Male,,2,Graduate,No,5964.08,3063.32,137.86,,Rural,Y
LP1322,,Yes,3+,Not Grad,No,6063.51,1928.21,187.6,1.0,Semiurban,N
LP1323,,No,2,Graduate,No,3985.41,3440.75,128.39,0.0,Semiurban,N
LP1324,,No,3+,Not Grad,Yes,2853.84,2102.48,102.76,,Semiurban,N
LP1325,Female,Yes,0,Not Grad,,6260.97,1477.9,112.15,1.0,Urban,N
LP1326,Male,Yes,1,Graduate,Yes,2165.69,1638.15,33.04,0.0,Urban,Y
LP1327,Female,,0,Graduate,Yes,2624.15,2608.33,161.43,1.0,Rural,Y
LP1328,Male,No,3+,Not Grad,Yes,5638.19,1226.42,128.09,1.0,Semiurban,N
LP1329,Female,No,0,Not Grad,Yes,4994.6,1073.31,190.14,1.0,Semiurban,N
LP1330,Male,Yes,3+,Not Grad,No,6316.04,1823.23,131.08,,Rural,N
LP1331,Female,Yes,3+,Not Grad,No,5312.57,366.61,120.11,0.0,Urban,N
LP1332,,No,1,Not Grad,Yes,3977.02,1198.7,118.76,1.0,Urban,Y
LP1333,Female,,2,Not Grad,Yes,7696.53,2512.67,107.15,0.0,Rural,N
LP1334,Female,No,1,Graduate,No,5858.87,3119.48,166.99,0.0,Semiurban,N
LP1335,,No,,Graduate,,5089.45,1482.45,157.93,0.0,Rural,N
LP1336,Male,Yes,1,Graduate,No,5590.23,2716.15,155.41,0.0,Semiurban,Y
LP1337,Female,,3+,Graduate,No,6574.33,1571.81,182.7,,Rural,Y
LP1338,Male,Yes,2,Not Grad,,5296.4,3660.21,102.43,1.0,Rural,N
LP1339,Male,,0,Not Grad,No,7603.95,2158.33,103.94,,Semiurban,Y
LP1340,Female,No,1,Graduate,,4274.17,1743.72,146.97,0.0,Rural,N
LP1341,Male,Yes,1,Graduate,No,5784.25,1541.04,129.03,,Urban,N
LP1342,,No,1,Not Grad,Yes,8213.41,3382.03,147.45,,Urban,N
LP1343,Female,Yes,2,Graduate,Yes,5057.01,2096.03,154.54,1.0,Urban,N
LP1344,Female,,,Graduate,Yes,3465.81,1794.1,63.26,1.0,Semiurban,Y
LP1345,Male,,2,Not Grad,No,5598.83,2517.76,110.67,0.0,Rural,N
LP1346,Male,Yes,3+,Graduate,,7360.98,1019.39,71.43,1.0,Rural,N
LP1347,Male,,0,Graduate,Yes,5336.68,2837.68,197.36,,Semiurban,Y
LP1348,Female,,1,Graduate,Yes,4311.67,2862.94,128.46,0.0,Rural,N
LP1349,Female,Yes,,Not Grad,No,4741.06,2706.93,156.09,0.0,Semiurban,N
LP1350,Female,,2,Not Grad,Yes,2635.41,3181.23,185.2,,Semiurban,N
LP1351,Female,Yes,3+,Not Grad,Yes,4061.66,2316.64,149.76,0.0,Rural,N
LP1352,Male,Yes,3+,Graduate,No,5391.01,1559.76,103.14,0.0,Semiurban,N
LP1353,Female,Yes,,Not Grad,,4961.67,2938.18,151.74,0.0,Rural,N
LP1354,,,2,Graduate,,4444.08,2617.36,16.06,,Urban,Y
LP1355,Male,No,1,Graduate,,6723.15,608.23,115.5,0.0,Urban,Y
LP1356,Male,,0,Not Grad,Yes,3320.5,964.25,176.43,0.0,Urban,N
LP1357,,No,0,Not Grad,,4298.45,2277.2,128.12,1.0,Rural,N
LP1358,Female,Yes,,Not Grad,No,5715.56,2061.46,78.68,0.0,Rural,Y
LP1359,Male,No,,Not Grad,,6494.4,1604.99,67.74,0.0,Rural,N
LP1360,,,0,Not Grad,,4357.83,3200.61,164.01,1.0,Semiurban,Y
LP1361,,Yes,2,Graduate,Yes,4477.02,1720.59,117.13,0.0,Urban,Y
LP1362,,No,0,Not Grad,Yes,8115.12,2305.55,147.2,1.0,Urban,N
LP1363,,No,2,Not Grad,Yes,6545.43,2191.03,119.64,,Semiurban,Y
LP1364,Male,,1,Graduate,,4705.48,1942.72,128.51,0.0,Urban,Y
LP1365,,No,3+,Not Grad,Yes,6091.44,2041.56,159.31,,Semiurban,N
LP1366,,No,2,Graduate,,4878.93,2062.91,50.07,0.0,Rural,N
LP1367,Female,Yes,2,Not Grad,No,6374.49,2277.19,169.92,,Rural,Y
LP1368,,Yes,1,Not Grad,Yes,655.62,3670.7,124.42,,Rural,Y
LP1369,Female,,1,Graduate,Yes,6662.27,1168.08,154.51,,Rural,Y
LP1370,Male,,3+,Graduate,Yes,3419.88,1500.98,206.56,,Semiurban,N
LP1371,Female,No,,Not Grad,Yes,4713.98,2173.95,164.8,,Urban,N
LP1372,Female,No,3+,Graduate,No,5743.52,2120.34,144.6,,Urban,N
LP1373,,Yes,0,Graduate,,8605.12,1953.9,138.04,1.0,Rural,N
LP1374,Male,,,Not Grad,No,6575.98,2884.42,177.48,0.0,Semiurban,N
LP1375,Male,No,3+,Graduate,,5958.1,1085.6,195.34,0.0,Rural,N
LP1376,,No,3+,Not Grad,No,3280.48,2242.11,99.83,1.0,Semiurban,N
LP1377,Female,Yes,1,Not Grad,No,4903.79,2263.01,142.85,0.0,Rural,N
LP1378,Male,No,2,Not Grad,,5632.88,3290.97,148.14,1.0,Urban,Y
LP1379,,,0,Graduate,,4633.77,2771.27,177.58,1.0,Urban,N
LP1380,Male,No,1,Graduate,No,3158.59,2477.92,158.05,,Semiurban,Y
LP1381,,Yes,2,Graduate,Yes,4553.65,3100.57,124.0,0.0,Rural,N
LP1382,Male,No,,Not Grad,No,5188.36,1861.54,130.62,,Urban,N
LP1383,Male,No,3+,Graduate,Yes,3355.59,847.96,193.78,1.0,Semiurban,N
LP1384,Male,No,3+,Graduate,,3729.56,1206.89,43.86,1.0,Urban,Y
LP1385,Male,Yes,3+,Graduate,,4041.56,941.53,195.68,1.0,Urban,N
LP1386,,No,0,Not Grad,,6514.73,1449.48,220.1,0.0,Urban,N
LP1387,,,3+,Graduate,No,6472.65,1740.13,30.02,,Urban,Y
LP1388,,Yes,1,Graduate,,8436.41,888.34,64.18,1.0,Semiurban,N
LP1389,Female,No,2,Graduate,Yes,6533.86,3951.8,185.37,1.0,Rural,N
LP1390,Male,,0,Graduate,No,5845.86,2475.8,164.14,0.0,Semiurban,N
LP1391,Female,Yes,2,Not Grad,No,6138.39,2224.95,134.17,0.0,Rural,N
LP1392,Female,Yes,1,Graduate,Yes,4906.11,1396.83,118.77,,Rural,Y
LP1393,Male,Yes,1,Graduate,No,2460.56,1921.33,90.46,1.0,Rural,N
LP1394,Male,No,0,Graduate,Yes,3344.62,2143.92,185.68,1.0,Urban,N
LP1395,Female,No,1,Graduate,No,6377.47,743.6,90.41,1.0,Semiurban,Y
LP1396,Female,No,,Not Grad,,6411.16,1214.01,121.01,,Urban,N
LP1397,Male,Yes,2,Not Grad,No,5825.08,1225.32,134.22,,Rural,Y
LP1398,Male,Yes,3+,Not Grad,,2998.96,1518.91,142.79,1.0,Semiurban,N
LP1399,,Yes,1,Graduate,,2610.51,2352.38,129.21,1.0,Urban,N
LP1400,Male,,2,Graduate,Yes,5828.73,2179.13,184.57,,Urban,N
LP1401,Female,No,,Graduate,Yes,5187.84,1656.48,134.89,0.0,Urban,N
LP1402,,Yes,2,Graduate,,5814.95,2039.09,131.62,,Rural,Y
LP1403,Male,Yes,3+,Graduate,No,3947.01,1469.68,73.9,0.0,Semiurban,Y
LP1404,Female,No,3+,Graduate,Yes,7624.37,1004.91,102.28,1.0,Urban,Y
LP1405,Male,Yes,2,Not Grad,No,3922.39,2715.94,118.2,1.0,Rural,Y
LP1406,Female,Yes,2,Not Grad,,6871.61,1461.21,141.16,1.0,Semiurban,Y
LP1407,,,1,Graduate,,3746.98,3716.12,82.5,0.0,Urban,Y
LP1408,Female,,1,Not Grad,Yes,5464.73,2507.02,146.55,1.0,Semiurban,N
LP1409,,No,2,Not Grad,,4722.07,1896.14,131.75,,Rural,N
LP1410,,No,0,Not Grad,,4779.5,2771.1,218.42,0.0,Urban,N
LP1411,Female,Yes,,Graduate,No,4163.76,904.16,126.47,1.0,Rural,N
LP1412,Female,Yes,0,Not Grad,No,8869.56,1357.06,195.56,0.0,Semiurban,Y
LP1413,Female,No,,Not Grad,,7516.55,1557.13,152.76,1.0,Urban,Y
LP1414,Female,Yes,,Not Grad,Yes,7442.59,1696.7,121.86,0.0,Rural,N
LP1415,,Yes,,Not Grad,,4127.48,1188.19,104.03,,Rural,N
LP1416,Male,Yes,2,Not Grad,,3164.09,2027.27,99.2,0.0,Semiurban,Y
LP1417,Female,No,2,Graduate,,5350.68,755.28,143.24,1.0,Semiurban,Y
LP1418,Male,Yes,0,Not Grad,,6250.29,405.01,144.96,,Semiurban,Y
LP1419,Male,,0,Graduate,,6841.5,1032.29,196.9,,Semiurban,Y
LP1420,,No,3+,Not Grad,Yes,5628.53,1435.99,127.77,0.0,Rural,N
LP1421,,Yes,3+,Graduate,Yes,5837.49,2060.8,151.55,1.0,Semiurban,Y
LP1422,,Yes,,Graduate,,3618.99,2135.49,73.45,1.0,Urban,N
LP1423,,Yes,0,Graduate,No,4833.16,1276.87,100.58,1.0,Rural,N
LP1424,Male,Yes,3+,Not Grad,No,6854.14,2873.05,154.37,,Urban,Y
LP1425,Male,Yes,3+,Graduate,Yes,3361.53,1746.87,178.52,,Urban,N
LP1426,Female,Yes,,Not Grad,Yes,5212.58,3855.46,145.73,1.0,Rural,N
LP1427,Female,Yes,0,Not Grad,,5288.07,1752.71,135.34,,Rural,Y
LP1428,Male,Yes,1,Graduate,No,4771.3,2566.49,168.27,,Urban,N
LP1429,,No,1,Graduate,No,3821.02,935.01,56.55,,Urban,Y
LP1430,Male,Yes,2,Not Grad,No,5761.99,1117.31,43.88,,Semiurban,N
LP1431,Female,No,3+,Not Grad,,5582.87,3994.4,129.76,0.0,Rural,N
LP1432,Male,,2,Not Grad,Yes,6257.74,2065.46,126.04,1.0,Semiurban,Y
LP1433,Male,No,2,Not Grad,No,6378.61,1767.78,140.7,,Semiurban,Y
LP1434,Female,,3+,Graduate,Yes,5482.55,1465.53,169.68,0.0,Semiurban,N
LP1435,Female,,,Graduate,Yes,4737.56,1395.4,151.46,1.0,Urban,N
LP1436,Male,,0,Graduate,Yes,3652.3,2022.54,129.64,0.0,Urban,N
LP1437,,,1,Graduate,No,6628.84,2379.76,129.0,0.0,Urban,Y
LP1438,Male,No,,Graduate,,6226.65,3112.17,152.31,,Urban,N
LP1439,Male,,3+,Not Grad,No,5015.53,950.53,87.4,1.0,Rural,Y
LP1440,Female,,3+,Graduate,No,4542.16,1512.39,122.52,1.0,Semiurban,N
LP1441,,Yes,3+,Not Grad,Yes,5084.97,2423.75,127.18,,Rural,N
LP1442,,Yes,1,Not Grad,,5729.75,2051.58,50.98,,Urban,N
LP1443,Male,No,3+,Not Grad,Yes,3591.0,1884.73,81.61,1.0,Semiurban,Y
LP1444,Male,,0,Not Grad,,5899.89,3224.6,178.75,1.0,Rural,Y
LP1445,,Yes,2,Graduate,,4679.84,3192.58,135.95,1.0,Semiurban,Y
LP1446,Male,Yes,3+,Graduate,,4494.37,1509.28,117.9,1.0,Rural,N
LP1447,Female,Yes,0,Graduate,,4417.73,2136.33,136.42,,Urban,Y
LP1448,,Yes,1,Not Grad,No,5004.57,2349.55,177.63,0.0,Semiurban,N
LP1449,Female,Yes,0,Not Grad,,6424.33,812.08,27.84,,Semiurban,Y
LP1450,,,0,Graduate,No,6401.48,906.5,121.01,1.0,Urban,Y
LP1451,,No,3+,Not Grad,No,3244.83,558.42,151.66,1.0,Semiurban,Y
LP1452,,,,Graduate,,6138.73,1538.79,26.36,,Semiurban,Y
LP1453,Male,,2,Not Grad,No,4180.63,2313.44,70.84,,Rural,N
LP1454,Female,Yes,2,Graduate,Yes,5275.04,1987.75,153.17,,Semiurban,N
LP1455,Female,No,1,Graduate,,5179.37,1221.54,177.86,0.0,Rural,Y
LP1456,Male,No,3+,Not Grad,Yes,4762.21,1978.16,92.67,1.0,Rural,Y
LP1457,,,,Graduate,No,4335.08,1292.16,123.08,,Semiurban,N
LP1458,Female,,2,Graduate,,7567.56,902.48,65.46,0.0,Rural,Y
LP1459,,,3+,Graduate,No,7206.76,1832.54,103.24,,Semiurban,N
LP1460,,Yes,0,Not Grad,No,6559.86,1515.51,203.04,,Semiurban,N
LP1461,Female,,1,Graduate,,6016.89,1609.67,216.29,1.0,Semiurban,Y
LP1462,,No,0,Not Grad,No,4091.43,2593.68,141.97,1.0,Semiurban,Y
LP1463,Female,,3+,Graduate,No,6952.61,3249.21,131.28,0.0,Urban,Y
LP1464,Female,Yes,,Not Grad,No,3869.87,2367.98,102.89,0.0,Urban,N
LP1465,Male,No,2,Graduate,Yes,8020.08,2109.23,115.39,1.0,Urban,N
LP1466,,,3+,Graduate,Yes,5277.02,922.3,91.14,,Rural,N
LP1467,Female,,0,Graduate,Yes,6800.62,1474.48,88.12,,Urban,N
LP1468,Female,,,Graduate,,5804.98,2948.56,158.76,,Urban,Y
LP1469,Male,No,1,Graduate,Yes,6494.07,1394.56,73.13,1.0,Urban,N
LP1470,,,1,Graduate,No,7252.0,1741.86,119.97,,Urban,Y
LP1471,Female,No,,Not Grad,Yes,6992.29,2444.98,148.24,1.0,Rural,N
LP1472,Male,No,3+,Graduate,,8247.5,1485.19,167.11,0.0,Rural,Y
LP1473,Male,Yes,,Not Grad,,5085.52,2214.87,191.14,1.0,Semiurban,N
LP1474,,,3+,Not Grad,No,5761.75,2430.64,172.9,1.0,Urban,Y
LP1475,Male,Yes,1,Not Grad,,4452.57,1328.63,88.21,1.0,Rural,N
LP1476,Male,,,Not Grad,No,2050.47,3644.97,85.87,1.0,Urban,N
LP1477,Female,Yes,0,Not Grad,No,4668.12,1778.55,142.3,,Rural,Y
LP1478,Male,Yes,2,Not Grad,,6223.61,2688.38,106.68,1.0,Semiurban,N
LP1479,Female,Yes,0,Graduate,Yes,4749.32,2226.06,120.05,1.0,Urban,Y
LP1480,Female,No,,Graduate,,7411.02,2392.78,159.4,0.0,Urban,N
LP1481,Female,No,2,Graduate,No,5994.32,2938.78,137.24,1.0,Semiurban,N
LP1482,Male,,,Graduate,No,3054.75,2319.75,103.95,1.0,Urban,N
LP1483,Male,,2,Not Grad,No,4207.07,2469.09,179.53,,Semiurban,Y
LP1484,Female,,0,Graduate,,5031.91,2247.07,198.09,0.0,Urban,Y
LP1485,Female,No,3+,Not Grad,,5361.13,4081.35,152.62,1.0,Rural,N
LP1486,,No,0,Graduate,No,2358.86,2602.67,145.25,1.0,Semiurban,N
LP1487,Female,No,0,Not Grad,Yes,6934.63,2538.55,124.46,1.0,Rural,Y
LP1488,Male,Yes,0,Graduate,No,3163.55,1832.78,95.98,1.0,Urban,N
LP1489,,No,3+,Not Grad,No,4129.21,2470.86,196.8,1.0,Rural,Y
LP1490,,,1,Not Grad,Yes,5592.01,1043.29,147.78,,Semiurban,Y
LP1491,,No,3+,Not Grad,Yes,6794.95,1512.17,124.64,1.0,Semiurban,N
LP1492,Male,Yes,,Not Grad,No,5022.03,1372.08,155.93,0.0,Urban,N
LP1493,Male,,3+,Graduate,Yes,4818.58,2335.63,94.5,1.0,Urban,N
LP1494,Male,No,3+,Not Grad,,4343.81,2577.91,115.09,1.0,Rural,N
LP1495,,,1,Graduate,No,7590.45,1680.29,138.99,0.0,Urban,Y
LP1496,,,,Not Grad,,6398.89,865.31,59.57,,Semiurban,Y
LP1497,Female,No,0,Not Grad,No,2711.52,3010.07,107.93,0.0,Semiurban,N
LP1498,,,1,Not Grad,Yes,8837.3,1548.6,137.38,0.0,Urban,Y
LP1499,,Yes,2,Graduate,Yes,7313.16,3604.87,212.46,1.0,Rural,N
LP1500,Male,,3+,Not Grad,No,6812.55,2819.25,153.7,0.0,Urban,Y
LP1501,,Yes,0,Graduate,,6167.54,1559.05,97.27,0.0,Rural,N
LP1502,Male,Yes,0,Not Grad,Yes,4994.94,1863.85,111.87,,Rural,N
LP1503,Male,No,0,Not Grad,,6044.58,2764.24,133.54,1.0,Urban,N
LP1504,Male,,2,Not Grad,,7216.3,1086.65,122.25,,Rural,N
LP1505,Male,No,1,Not Grad,No,3924.77,506.77,126.69,,Semiurban,N
LP1506,Male,,3+,Graduate,No,4817.38,3210.76,155.23,0.0,Rural,Y
LP1507,Male,Yes,0,Not Grad,Yes,3463.72,3483.27,178.84,0.0,Semiurban,Y
LP1508,Male,Yes,1,Graduate,,5873.15,1818.81,91.62,0.0,Semiurban,Y
LP1509,Female,,3+,Graduate,,4441.69,2871.0,205.38,0.0,Semiurban,N
LP1510,Male,Yes,,Graduate,No,7314.87,1608.92,85.22,,Urban,Y
LP1511,,Yes,0,Graduate,,5211.33,585.25,142.93,1.0,Urban,Y
LP1512,,,,Not Grad,,4778.6,1627.17,66.21,1.0,Rural,N
LP1513,,Yes,3+,Not Grad,,5770.4,1573.84,83.2,,Semiurban,Y
LP1514,Female,,,Not Grad,No,691.61,1977.99,200.89,,Rural,N
LP1515,Male,Yes,2,Graduate,No,7491.89,1634.32,105.91,,Semiurban,Y
LP1516,,,3+,Graduate,Yes,5703.16,1201.29,142.07,,Urban,N
LP1517,Female,Yes,2,Not Grad,,6149.12,2981.55,125.99,0.0,Rural,Y
LP1518,Female,No,0,Graduate,Yes,4694.49,1297.61,96.92,1.0,Semiurban,Y
LP1519,,,3+,Graduate,Yes,4660.28,2293.89,166.54,,Rural,Y
LP1520,Male,Yes,3+,Not Grad,No,3795.23,3194.15,119.16,,Rural,Y
LP1521,,Yes,,Not Grad,No,4967.95,1402.23,33.03,0.0,Rural,N
LP1522,,Yes,1,Not Grad,,6326.07,2589.48,118.75,,Semiurban,N
LP1523,,,2,Graduate,No,5100.49,2412.75,67.5,1.0,Rural,Y
LP1524,,,0,Not Grad,Yes,4206.42,2635.41,79.83,1.0,Urban,Y
LP1525,Female,Yes,,Not Grad,Yes,5440.34,914.73,148.66,0.0,Urban,N
LP1526,,Yes,,Graduate,,4946.54,707.89,176.59,0.0,Semiurban,Y
LP1527,,,0,Not Grad,Yes,3898.11,1351.8,138.02,0.0,Urban,N
LP1528,Female,Yes,1,Graduate,,6722.96,1187.34,132.47,,Semiurban,N
LP1529,Female,No,1,Graduate,No,5643.22,2554.48,137.06,0.0,Urban,N
LP1530,,,3+,Graduate,No,4449.46,1337.93,133.45,0.0,Semiurban,Y
LP1531,Female,,0,Not Grad,,3391.79,-337.08,147.46,0.0,Rural,N
LP1532,Female,,3+,Graduate,,6355.9,109.65,89.61,0.0,Rural,Y
LP1533,,,3+,Not Grad,,5928.73,3646.0,130.83,,Urban,N
LP1534,,No,2,Graduate,No,3908.0,1853.68,185.0,0.0,Semiurban,Y
LP1535,,Yes,,Not Grad,,4031.05,1360.65,110.69,0.0,Urban,Y
LP1536,Male,Yes,1,Not Grad,No,3570.01,2098.14,194.99,1.0,Rural,N
LP1537,Female,,2,Not Grad,Yes,5484.62,1798.12,118.33,0.0,Semiurban,Y
LP1538,,No,2,Not Grad,No,2655.21,2706.49,126.89,,Semiurban,Y
LP1539,,No,,Not Grad,,4729.28,4554.49,141.95,0.0,Urban,Y
LP1540,Male,No,2,Graduate,No,3872.31,1658.91,175.94,,Urban,N
LP1541,Male,,,Not Grad,Yes,5169.91,849.38,166.77,1.0,Urban,N
LP1542,Female,,3+,Not Grad,No,3997.78,3498.64,173.2,0.0,Semiurban,N
LP1543,,Yes,3+,Graduate,Yes,4329.02,3024.81,132.71,1.0,Urban,N
LP1544,Female,Yes,,Not Grad,Yes,6279.16,2387.79,96.15,1.0,Urban,Y
LP1545,,,1,Not Grad,No,4034.68,2823.97,116.61,,Semiurban,Y
LP1546,Female,No,2,Graduate,No,4394.53,1235.9,146.94,,Semiurban,N
LP1547,Male,Yes,2,Graduate,,8093.79,1145.97,130.97,0.0,Semiurban,Y
LP1548,,,3+,Graduate,Yes,7118.33,1936.29,148.09,0.0,Urban,Y
LP1549,Male,Yes,,Graduate,No,3406.41,2342.65,122.51,0.0,Semiurban,N
LP1550,Male,No,3+,Graduate,No,6478.59,2949.91,233.58,1.0,Rural,N
LP1551,Female,No,1,Graduate,Yes,5869.45,2260.64,137.78,1.0,Semiurban,Y
LP1552,,,1,Not Grad,No,4470.25,2270.79,118.18,,Urban,N
LP1553,Female,,,Graduate,,5252.69,3054.08,89.74,,Urban,N
LP1554,,No,,Graduate,,6709.82,3053.69,125.28,,Semiurban,N
LP1555,,,0,Graduate,Yes,1817.22,1513.74,181.88,,Urban,N
LP1556,,Yes,3+,Graduate,No,4965.7,1200.56,109.81,,Urban,N
LP1557,,No,,Not Grad,No,6260.93,2437.39,120.44,1.0,Semiurban,Y
LP1558,,Yes,3+,Not Grad,Yes,4449.76,1686.59,93.1,0.0,Rural,N
LP1559,Male,Yes,0,Not Grad,,7423.06,1742.14,178.69,,Rural,N
LP1560,Male,,2,Graduate,,7281.97,2798.65,112.74,0.0,Semiurban,N
LP1561,Female,No,2,Not Grad,Yes,5605.6,1980.64,93.85,0.0,Rural,Y
LP1562,Male,Yes,3+,Graduate,No,5486.54,1056.77,177.51,0.0,Semiurban,Y
LP1563,Male,No,0,Not Grad,Yes,4303.07,2160.93,141.33,1.0,Urban,N
LP1564,Female,Yes,2,Graduate,Yes,4611.64,2469.36,111.0,0.0,Urban,Y
LP1565,Male,Yes,2,Graduate,Yes,6306.95,923.22,135.06,,Semiurban,Y
LP1566,,Yes,2,Graduate,,7908.39,1199.73,102.89,,Urban,Y
LP1567,Male,,0,Graduate,No,5770.86,2143.67,144.03,1.0,Semiurban,N
LP1568,Male,,,Graduate,Yes,5733.78,2507.78,174.39,1.0,Urban,N
LP1569,Female,,0,Not Grad,,5614.73,1806.99,156.9,,Rural,Y
LP1570,Female,,1,Graduate,Yes,7849.82,1893.89,91.02,,Semiurban,Y
LP1571,Female,No,1,Not Grad,,6660.62,1903.7,43.09,1.0,Rural,N
LP1572,,,,Not Grad,No,6271.13,1571.74,126.38,,Rural,N
LP1573,Male,,0,Not Grad,,5497.97,2152.4,158.38,1.0,Rural,N
LP1574,Male,Yes,,Graduate,Yes,4346.77,2410.48,119.62,0.0,Urban,N
LP1575,,,2,Not Grad,No,6108.22,2492.29,92.58,1.0,Semiurban,N
LP1576,,Yes,1,Not Grad,Yes,6628.97,1571.23,162.32,,Semiurban,N
LP1577,,,0,Graduate,,5550.93,3470.55,121.06,,Urban,Y
LP1578,,,3+,Not Grad,No,4476.02,1984.46,117.87,,Semiurban,Y
LP1579,Male,No,2,Graduate,,6199.91,706.95,87.85,,Semiurban,Y
LP1580,Female,Yes,0,Graduate,,3398.3,2760.25,198.42,,Semiurban,Y
LP1581,,No,0,Graduate,No,4843.33,1864.94,132.8,,Rural,N
LP1582,Female,,,Graduate,No,6742.82,1258.12,139.53,0.0,Rural,Y
LP1583,Male,Yes,,Graduate,Yes,6462.8,2400.88,137.58,,Semiurban,N
LP1584,Female,No,3+,Graduate,,6501.57,-162.59,157.12,,Urban,N
LP1585,Male,Yes,1,Graduate,No,4018.89,535.49,150.45,1.0,Rural,N
LP1586,Male,,1,Graduate,,7060.49,1890.04,168.11,,Semiurban,Y
LP1587,,,0,Graduate,,7418.42,3051.93,195.6,,Urban,N
LP1588,Female,,3+,Not Grad,,6113.19,2060.35,65.92,1.0,Rural,Y
LP1589,Female,,0,Graduate,Yes,4630.91,1325.4,216.84,1.0,Semiurban,N
LP1590,Female,Yes,,Graduate,No,4736.17,2098.56,152.06,,Rural,N
LP1591,Male,No,3+,Graduate,Yes,5065.4,3356.04,105.09,0.0,Rural,Y
LP1592,Male,Yes,3+,Graduate,Yes,5291.91,1406.02,77.2,1.0,Semiurban,N
LP1593,,No,1,Not Grad,,4082.35,1970.37,112.83,1.0,Semiurban,N
LP1594,Female,,0,Not Grad,No,3961.37,874.95,126.68,0.0,Urban,Y
LP1595,,No,3+,Not Grad,Yes,2742.92,2608.04,133.3,1.0,Urban,Y
LP1596,,No,3+,Not Grad,No,2813.67,1752.63,99.91,,Urban,N
LP1597,Male,,0,Graduate,No,5478.76,3072.36,54.99,1.0,Urban,N
LP1598,,No,0,Not Grad,No,5172.54,1871.89,156.85,0.0,Rural,Y
LP1599,Male,No,3+,Not Grad,Yes,5319.79,1398.42,117.24,,Urban,N
LP1600,,Yes,1,Not Grad,Yes,3805.96,2860.81,130.85,0.0,Semiurban,N
LP1601,Male,Yes,,Not Grad,Yes,7851.79,1951.47,101.66,,Rural,N
LP1602,,No,1,Not Grad,Yes,2729.43,557.49,66.63,,Urban,N
LP1603,,Yes,2,Not Grad,,5400.69,2406.98,66.75,0.0,Semiurban,N
LP1604,Male,No,0,Not Grad,Yes,6342.56,1613.55,135.87,0.0,Urban,Y
LP1605,,Yes,1,Not Grad,No,7418.33,2717.47,119.26,0.0,Semiurban,N
LP1606,Female,Yes,1,Graduate,No,3663.21,278.55,101.23,1.0,Semiurban,N
LP1607,Female,,3+,Not Grad,Yes,4683.3,1210.26,124.75,0.0,Semiurban,N
LP1608,Male,Yes,2,Not Grad,No,5115.28,1820.12,104.0,1.0,Semiurban,Y
LP1609,,,3+,Graduate,Yes,5252.98,2353.55,86.38,,Semiurban,Y
LP1610,,Yes,3+,Graduate,,7116.4,1921.13,130.75,,Urban,N
LP1611,Male,Yes,2,Graduate,No,6062.32,2186.57,168.13,0.0,Rural,Y
LP1612,,Yes,1,Graduate,,5430.69,1510.05,144.46,1.0,Urban,Y
LP1613,Female,No,2,Not Grad,Yes,3284.41,2086.85,128.67,0.0,Semiurban,Y
LP1614,,,0,Not Grad,No,4687.82,1897.17,54.73,1.0,Semiurban,N
LP1615,Female,Yes,0,Not Grad,Yes,4176.91,2074.28,136.39,0.0,Semiurban,Y
LP1616,Male,,,Graduate,,3458.49,3012.57,95.35,,Rural,Y
LP1617,,No,,Not Grad,,6454.19,2341.76,104.15,,Semiurban,Y
LP1618,Male,Yes,0,Graduate,Yes,7662.97,1045.09,166.77,,Urban,Y
LP1619,,No,0,Graduate,No,6500.87,1463.5,185.7,,Rural,Y
LP1620,Female,Yes,2,Graduate,Yes,4624.93,2230.95,140.41,,Urban,N
LP1621,,,,Graduate,No,4798.54,2648.65,161.74,1.0,Urban,Y
LP1622,Male,Yes,,Not Grad,No,2377.2,3043.47,63.5,0.0,Semiurban,N
LP1623,Female,Yes,3+,Not Grad,No,6548.82,2901.36,86.36,0.0,Semiurban,Y
LP1624,Male,Yes,2,Not Grad,No,4383.78,1115.44,121.4,1.0,Semiurban,Y
LP1625,Female,,2,Graduate,,4537.95,2623.73,182.41,1.0,Semiurban,N
LP1626,Male,No,,Not Grad,No,7093.53,1550.27,121.63,,Semiurban,Y
LP1627,,,0,Not Grad,,2474.84,1355.3,168.59,,Semiurban,N
LP1628,,No,2,Not Grad,,7423.37,1012.52,106.3,0.0,Urban,Y
LP1629,Female,,2,Not Grad,,4960.39,2224.13,97.62,1.0,Urban,N
LP1630,,,,Graduate,Yes,5636.09,1620.93,129.42,1.0,Urban,Y
LP1631,Female,Yes,2,Not Grad,,5819.43,2005.14,112.54,1.0,Urban,N
LP1632,Male,No,1,Graduate,No,4835.59,1929.31,115.2,,Urban,N
LP1633,Male,,2,Not Grad,,4611.81,3278.92,152.44,1.0,Rural,Y
LP1634,Female,,3+,Graduate,,4556.78,2557.56,116.65,,Semiurban,Y
LP1635,Male,Yes,2,Graduate,,6759.69,2295.71,125.71,1.0,Rural,N
LP1636,,No,1,Not Grad,Yes,5671.58,743.3,84.93,0.0,Rural,N
LP1637,Male,No,,Graduate,Yes,3209.11,2114.35,199.3,0.0,Urban,Y
LP1638,Female,,1,Graduate,,8346.95,2510.44,150.03,0.0,Semiurban,N
LP1639,Male,No,1,Not Grad,Yes,2298.41,1565.86,98.49,,Semiurban,N
LP1640,,,2,Graduate,No,4068.73,1865.48,111.12,1.0,Urban,Y
LP1641,,Yes,1,Not Grad,No,2031.05,2598.33,87.09,1.0,Rural,N
LP1642,,,0,Graduate,No,5358.87,3659.27,93.22,,Rural,Y
LP1643,Female,,0,Graduate,,1204.57,1771.2,174.04,1.0,Rural,N
LP1644,Male,No,0,Not Grad,No,7937.52,1016.36,149.87,0.0,Rural,Y
LP1645,Female,Yes,3+,Not Grad,Yes,4302.03,1915.24,235.77,0.0,Rural,Y
LP1646,Male,,0,Not Grad,Yes,2745.54,2202.99,148.71,0.0,Urban,N
LP1647,Female,No,3+,Graduate,No,6628.68,2078.39,142.32,,Urban,N
LP1648,,Yes,0,Not Grad,Yes,4412.53,2215.3,116.27,,Rural,Y
LP1649,,,2,Graduate,No,5932.36,1704.31,145.08,0.0,Semiurban,N
LP1650,,No,,Graduate,,4956.11,2900.84,127.94,1.0,Urban,N
LP1651,Female,No,,Not Grad,No,2340.45,3009.54,93.77,1.0,Semiurban,Y
LP1652,Female,,1,Not Grad,No,4019.35,1523.47,184.98,,Urban,N
LP1653,Male,Yes,0,Graduate,No,1796.49,4510.2,172.24,,Semiurban,Y
LP1654,,No,,Graduate,Yes,5334.86,1956.08,141.42,0.0,Urban,Y
LP1655,,No,3+,Graduate,No,5781.68,2516.17,152.22,1.0,Rural,Y
LP1656,Male,No,,Graduate,No,5134.37,1842.13,123.95,0.0,Urban,Y
LP1657,Male,No,0,Graduate,,4707.64,2907.02,153.74,0.0,Urban,Y
LP1658,,Yes,3+,Not Grad,Yes,589.42,2524.72,137.79,,Urban,Y
LP1659,,No,2,Graduate,No,4971.94,1689.19,174.96,1.0,Semiurban,N
LP1660,Female,No,1,Graduate,,6421.29,1381.7,146.28,,Semiurban,Y
LP1661,Female,Yes,3+,Not Grad,Yes,3542.51,896.31,104.93,,Rural,N
LP1662,,,3+,Graduate,No,6293.59,2762.5,150.52,0.0,Urban,N
LP1663,Female,Yes,0,Graduate,No,6087.64,2412.94,104.34,,Semiurban,N
LP1664,Female,Yes,0,Graduate,Yes,5647.88,2640.33,160.17,,Rural,Y
LP1665,Male,,,Not Grad,No,6783.37,2566.64,144.06,1.0,Rural,Y
LP1666,Female,No,1,Not Grad,,6605.23,1978.78,94.73,1.0,Semiurban,Y
LP1667,,Yes,1,Not Grad,,4755.4,1404.08,102.99,0.0,Rural,Y
LP1668,,No,3+,Graduate,No,4783.22,1366.06,117.68,1.0,Rural,Y
LP1669,Male,No,,Not Grad,,2159.58,2170.63,130.05,0.0,Urban,N
LP1670,,Yes,,Graduate,Yes,3774.37,2527.4,167.5,,Urban,N
LP1671,Male,No,1,Graduate,No,2588.66,1389.82,99.23,1.0,Rural,Y
LP1672,,Yes,3+,Graduate,Yes,3590.15,2663.58,122.25,,Rural,N
LP1673,Female,,1,Graduate,,4603.23,396.91,155.42,0.0,Rural,N
LP1674,Female,No,2,Not Grad,No,3141.11,2047.95,141.1,1.0,Semiurban,N
LP1675,Male,No,3+,Graduate,Yes,7040.99,952.94,9.22,,Semiurban,Y
LP1676,,No,2,Graduate,,5275.77,3440.41,179.56,,Semiurban,N
LP1677,Female,No,2,Graduate,Yes,5314.49,1606.69,162.28,,Urban,Y
LP1678,Male,Yes,3+,Graduate,Yes,3539.68,2381.09,150.22,0.0,Rural,Y
LP1679,Male,,1,Not Grad,,6590.31,4207.73,145.7,0.0,Semiurban,N
LP1680,Female,Yes,3+,Not Grad,Yes,4236.55,1979.54,59.24,1.0,Urban,Y
LP1681,Female,,2,Not Grad,,3957.93,1672.57,109.04,0.0,Urban,N
LP1682,,,1,Not Grad,No,5228.53,1342.06,174.84,,Rural,Y
LP1683,,,3+,Graduate,,5000.31,1992.56,116.88,0.0,Rural,N
LP1684,,Yes,3+,Graduate,,5232.79,2660.08,95.31,0.0,Semiurban,Y
LP1685,,Yes,2,Not Grad,Yes,4012.83,1757.02,76.17,0.0,Semiurban,N
LP1686,Male,,3+,Graduate,Yes,3771.11,1619.02,164.98,1.0,Urban,Y
LP1687,Female,Yes,1,Graduate,No,5393.84,2154.87,164.04,1.0,Rural,N
LP1688,Female,No,2,Not Grad,No,4793.94,2312.37,125.87,0.0,Urban,Y
LP1689,Female,No,3+,Not Grad,No,5398.04,1533.79,32.45,,Urban,Y
LP1690,Female,Yes,,Not Grad,Yes,4798.58,3138.2,167.05,,Semiurban,N
LP1691,Female,No,2,Graduate,,6448.1,2988.9,133.55,1.0,Semiurban,Y
LP1692,,,0,Graduate,Yes,5295.97,1505.88,117.36,1.0,Urban,Y
LP1693,,Yes,1,Not Grad,,5923.66,2963.11,124.42,0.0,Semiurban,Y
LP1694,Female,,0,Graduate,,4324.72,2000.42,154.05,1.0,Semiurban,Y
LP1695,Female,Yes,1,Graduate,Yes,2834.22,163.06,107.98,0.0,Urban,Y
LP1696,Male,Yes,0,Graduate,No,3168.93,1593.49,124.09,,Urban,N
LP1697,Male,Yes,2,Graduate,Yes,4320.13,3161.97,143.07,,Semiurban,Y
LP1698,,No,,Graduate,No,5450.71,2497.77,84.45,0.0,Rural,N
LP1699,Male,Yes,,Graduate,,6558.67,1939.39,156.82,0.0,Semiurban,N
LP1700,,No,2,Graduate,Yes,3392.21,756.99,162.72,0.0,Urban,Y
LP1701,Female,Yes,3+,Graduate,,5564.61,1278.36,95.21,,Semiurban,N
LP1702,Male,,3+,Not Grad,,6688.15,1048.47,195.71,1.0,Semiurban,N
LP1703,Female,,0,Graduate,,3649.07,2510.71,116.86,1.0,Rural,Y
LP1704,Male,,0,Not Grad,Yes,5904.78,1564.71,123.49,,Semiurban,N
LP1705,,Yes,,Graduate,Yes,5061.38,1198.25,159.63,,Urban,N
LP1706,Male,,,Not Grad,No,4230.18,1817.12,90.23,,Rural,N
LP1707,Female,Yes,1,Graduate,,1156.5,1847.18,226.5,,Rural,N
LP1708,Female,No,2,Not Grad,,6176.91,1984.59,119.48,,Rural,Y
LP1709,Female,Yes,0,Not Grad,No,5033.7,2437.7,82.77,0.0,Urban,Y
LP1710,,No,,Graduate,Yes,6671.48,2572.31,158.73,1.0,Semiurban,N
LP1711,,,0,Not Grad,,5657.71,2015.69,156.91,0.0,Urban,Y
LP1712,Male,Yes,,Graduate,No,5887.72,1716.77,107.06,1.0,Urban,N
LP1713,,Yes,2,Graduate,Yes,5152.78,3239.22,80.44,,Urban,Y
LP1714,Male,Yes,1,Not Grad,Yes,2798.71,2131.81,132.04,0.0,Semiurban,Y
LP1715,Male,No,,Not Grad,,5260.01,2195.16,121.07,,Urban,N
LP1716,Male,No,,Not Grad,No,7234.8,719.28,96.86,0.0,Urban,N
LP1717,,,,Not Grad,Yes,4845.12,685.45,122.97,0.0,Rural,N
LP1718,Male,Yes,3+,Not Grad,No,7492.21,2016.71,139.23,1.0,Semiurban,Y
LP1719,Female,,0,Not Grad,,3109.75,1506.91,114.99,1.0,Urban,Y
LP1720,Male,No,3+,Not Grad,No,4523.43,3025.32,152.31,,Urban,N
LP1721,,No,2,Not Grad,Yes,3332.81,2197.2,149.93,1.0,Semiurban,Y
LP1722,Male,,2,Graduate,No,6710.22,3264.43,89.4,1.0,Semiurban,N
LP1723,Male,No,2,Not Grad,,3783.71,993.94,120.64,0.0,Rural,Y
LP1724,Female,No,,Graduate,No,5699.54,2789.87,126.96,1.0,Urban,Y
LP1725,Female,No,2,Graduate,Yes,4520.23,2121.41,96.59,0.0,Rural,Y
LP1726,,No,,Not Grad,,8134.31,713.87,137.39,,Semiurban,N
LP1727,Male,Yes,3+,Not Grad,Yes,8035.41,2005.44,122.4,1.0,Semiurban,N
LP1728,,Yes,0,Graduate,No,4463.83,1855.69,184.91,0.0,Rural,Y
LP1729,,No,0,Graduate,,1682.21,3226.75,73.04,0.0,Urban,Y
LP1730,Male,,1,Not Grad,Yes,4600.02,1656.6,153.54,,Urban,N
LP1731,Male,No,1,Not Grad,,2602.81,2369.74,210.97,0.0,Urban,Y
LP1732,Female,No,3+,Not Grad,,2955.24,2151.76,103.52,0.0,Rural,N
LP1733,Female,No,3+,Not Grad,Yes,5638.83,2015.32,104.34,,Semiurban,Y
LP1734,,,1,Not Grad,Yes,5731.81,3443.48,122.36,0.0,Rural,Y
LP1735,Male,,,Not Grad,,6079.64,965.38,91.74,0.0,Rural,N
LP1736,Female,,,Not Grad,,5708.61,3187.29,144.22,0.0,Rural,N
LP1737,,Yes,,Graduate,,4530.41,1999.43,79.98,0.0,Semiurban,N
LP1738,Male,Yes,1,Graduate,Yes,5906.77,2705.87,111.92,1.0,Semiurban,N
LP1739,,No,2,Graduate,Yes,4294.94,2212.7,112.53,1.0,Urban,Y
LP1740,Male,Yes,,Graduate,,4900.8,3679.78,120.12,,Urban,Y
LP1741,Female,Yes,1,Graduate,No,4462.49,1481.97,159.77,0.0,Urban,N
LP1742,Female,,1,Not Grad,No,4728.16,1480.5,182.85,0.0,Urban,Y
LP1743,Female,Yes,,Not Grad,,7129.4,1519.66,55.34,,Semiurban,Y
LP1744,Female,No,0,Not Grad,No,6511.27,1452.3,161.63,1.0,Urban,N
LP1745,Female,Yes,,Not Grad,No,2044.84,2714.08,81.55,1.0,Urban,Y
LP1746,,Yes,0,Graduate,Yes,6096.15,2011.42,91.84,0.0,Urban,N
LP1747,,No,1,Not Grad,,4389.45,2549.05,134.24,,Semiurban,Y
LP1748,Female,Yes,,Graduate,,5876.62,3581.15,67.43,0.0,Urban,N
LP1749,Female,No,,Graduate,No,7425.82,2083.48,94.05,,Urban,N
LP1750,Female,No,1,Not Grad,,3004.53,1848.7,166.87,,Rural,Y
LP1751,Male,No,1,Not Grad,,4808.68,3208.92,71.95,0.0,Semiurban,Y
LP1752,Female,Yes,0,Graduate,No,4981.87,998.09,144.55,,Urban,N
LP1753,,No,1,Not Grad,No,6330.33,1663.39,25.83,1.0,Semiurban,Y
LP1754,Female,,3+,Graduate,Yes,5298.42,2349.39,146.17,0.0,Rural,N
LP1755,Female,,2,Graduate,No,6853.67,1143.16,157.21,1.0,Urban,Y
LP1756,Male,,,Graduate,No,6788.76,577.13,142.79,,Semiurban,N
LP1757,,,0,Not Grad,,4243.73,1934.78,143.91,0.0,Urban,N
LP1758,Female,,3+,Not Grad,,4269.16,1459.43,131.37,0.0,Rural,Y
LP1759,Female,No,0,Not Grad,Yes,3369.13,1131.34,157.17,1.0,Rural,N
LP1760,,Yes,0,Graduate,No,3276.81,2533.05,148.5,0.0,Rural,N
LP1761,Male,,0,Not Grad,No,2411.29,1457.95,177.76,0.0,Semiurban,Y
LP1762,Female,,2,Not Grad,,3528.25,1628.48,148.48,1.0,Rural,N
LP1763,Female,Yes,2,Not Grad,Yes,6175.09,1798.77,106.1,0.0,Rural,N
LP1764,Female,Yes,3+,Not Grad,No,7133.55,3391.12,169.15,0.0,Rural,Y
LP1765,,,2,Not Grad,Yes,5127.98,1353.39,96.78,1.0,Rural,N
LP1766,Female,No,0,Not Grad,Yes,5783.77,2334.72,186.06,0.0,Urban,N
LP1767,Male,No,,Graduate,Yes,5975.68,797.54,172.08,,Semiurban,N
LP1768,Male,,,Not Grad,No,3502.91,1692.82,140.01,,Semiurban,N
LP1769,Female,,0,Not Grad,,7993.5,4487.93,154.27,,Urban,N
LP1770,Female,No,3+,Not Grad,Yes,4725.21,2427.6,165.51,,Urban,Y
LP1771,,,1,Graduate,Yes,4519.0,3436.17,139.2,1.0,Semiurban,N
LP1772,Male,,,Not Grad,Yes,5746.61,2532.74,146.86,0.0,Rural,N
LP1773,,No,3+,Graduate,Yes,6258.41,1506.2,107.67,0.0,Rural,N
LP1774,Male,No,0,Graduate,,3349.77,2351.6,161.16,,Urban,N
LP1775,Male,,3+,Not Grad,No,5686.66,3339.59,129.78,1.0,Urban,Y
LP1776,,Yes,2,Not Grad,,6003.11,1126.64,114.52,1.0,Semiurban,Y
LP1777,Male,No,,Not Grad,,6043.31,2679.28,118.24,,Urban,N
LP1778,Female,,1,Graduate,,4892.6,785.7,115.72,,Urban,N
LP1779,Male,,1,Graduate,,6335.57,2460.16,150.03,1.0,Rural,N
LP1780,Female,Yes,,Graduate,Yes,5074.66,2005.65,103.59,1.0,Semiurban,Y
LP1781,Female,No,,Not Grad,,6048.24,2336.78,149.68,1.0,Semiurban,Y
LP1782,Male,Yes,,Not Grad,Yes,4210.95,277.33,173.89,,Semiurban,Y
LP1783,Male,,,Graduate,No,4281.74,1309.78,157.74,,Semiurban,N
LP1784,,Yes,3+,Not Grad,Yes,4411.98,2847.95,154.68,1.0,Rural,Y
LP1785,Male,,3+,Graduate,No,6025.35,907.24,178.48,,Rural,N
LP1786,,Yes,2,Graduate,,5391.88,1704.58,135.74,,Urban,Y
LP1787,,,3+,Graduate,No,2335.65,2326.92,88.83,,Urban,N
LP1788,,Yes,0,Not Grad,,2970.99,782.11,174.51,1.0,Urban,Y
LP1789,Female,Yes,2,Not Grad,Yes,4056.1,3226.98,108.57,0.0,Rural,N
LP1790,,No,1,Graduate,Yes,2438.96,1106.78,179.43,0.0,Rural,Y
LP1791,Male,Yes,0,Graduate,,4766.15,1561.37,136.4,1.0,Rural,Y
LP1792,Female,No,0,Graduate,No,5752.67,2893.92,187.94,1.0,Semiurban,N
LP1793,Female,No,3+,Not Grad,Yes,4460.35,939.16,113.46,,Rural,Y
LP1794,,Yes,0,Not Grad,No,5390.42,1228.99,91.71,0.0,Semiurban,N
LP1795,,,2,Not Grad,No,5515.68,1961.08,131.31,1.0,Rural,Y
LP1796,Female,No,1,Graduate,Yes,3862.26,1815.68,93.03,0.0,Semiurban,Y
LP1797,,Yes,1,Graduate,,6335.3,2828.2,56.15,1.0,Rural,N
LP1798,Female,No,3+,Graduate,,3605.73,802.78,104.0,0.0,Semiurban,N
LP1799,Male,Yes,,Not Grad,,4874.84,840.28,93.13,1.0,Rural,Y
LP1800,,Yes,3+,Not Grad,Yes,3494.06,2165.81,132.77,1.0,Urban,Y
LP1801,Female,No,2,Not Grad,,3917.39,2141.46,108.13,,Rural,Y
LP1802,Male,Yes,1,Graduate,No,4592.52,3338.76,183.62,0.0,Rural,Y
LP1803,Male,No,3+,Graduate,Yes,3050.63,2663.79,162.46,,Urban,Y
LP1804,Female,No,0,Not Grad,No,3277.61,2655.02,191.52,,Semiurban,N
LP1805,Male,No,1,Not Grad,No,3316.18,1266.0,170.71,0.0,Rural,Y
LP1806,Male,,,Not Grad,No,5407.24,2441.18,143.62,,Rural,N
LP1807,,Yes,1,Not Grad,,5586.04,938.82,171.89,,Rural,N
LP1808,Female,No,3+,Not Grad,No,6754.38,1816.49,128.26,1.0,Urban,Y
LP1809,Female,No,,Not Grad,No,2703.34,2411.4,152.88,0.0,Semiurban,Y
LP1810,,Yes,2,Not Grad,Yes,4906.71,2899.48,116.64,0.0,Urban,N
LP1811,,Yes,3+,Graduate,,5846.91,1184.27,129.06,0.0,Rural,N
LP1812,,Yes,2,Graduate,,4738.47,2180.25,115.22,0.0,Rural,N
LP1813,Male,Yes,0,Not Grad,,4802.79,2660.84,112.53,,Rural,Y
LP1814,Female,Yes,3+,Graduate,Yes,2590.13,3399.67,185.26,0.0,Rural,N
LP1815,Female,No,,Not Grad,Yes,3061.61,2551.77,109.88,1.0,Semiurban,N
LP1816,Female,,0,Graduate,No,5395.23,2235.38,120.62,1.0,Urban,N
LP1817,Female,Yes,1,Not Grad,No,3824.35,1447.57,93.35,1.0,Semiurban,Y
LP1818,Female,Yes,0,Graduate,,3752.27,1946.26,101.37,,Urban,Y
LP1819,Male,,3+,Graduate,No,6023.08,3189.8,106.8,0.0,Urban,N
LP1820,,Yes,1,Not Grad,Yes,5359.11,2399.75,148.88,,Rural,N
LP1821,,No,2,Not Grad,,5113.93,2594.15,149.29,,Urban,N
LP1822,,No,0,Graduate,No,3143.51,2695.32,165.49,,Urban,N
LP1823,,No,3+,Graduate,,3855.07,2030.35,157.33,1.0,Rural,Y
LP1824,Female,No,2,Graduate,Yes,4686.03,2858.38,224.55,1.0,Semiurban,N
LP1825,Female,Yes,3+,Graduate,,3821.02,895.16,142.15,1.0,Rural,Y
LP1826,Male,,1,Not Grad,No,6082.34,1815.31,188.13,1.0,Semiurban,N
LP1827,Female,Yes,1,Graduate,Yes,2992.09,2554.33,105.77,,Rural,Y
LP1828,,Yes,,Graduate,Yes,7579.07,3594.01,99.33,1.0,Urban,N
LP1829,Male,,0,Not Grad,Yes,4175.66,2687.67,114.51,1.0,Semiurban,Y
LP1830,,No,1,Graduate,,4931.88,2020.31,53.21,1.0,Urban,Y
LP1831,,No,,Graduate,No,4979.24,1448.22,110.28,,Urban,N
LP1832,Male,No,0,Not Grad,Yes,7165.45,994.79,162.53,1.0,Rural,N
LP1833,Male,No,0,Not Grad,,4581.56,1776.19,161.61,0.0,Urban,Y
LP1834,,Yes,0,Graduate,Yes,5510.08,2456.49,168.73,,Urban,N
LP1835,Female,Yes,2,Not Grad,No,4503.04,1510.21,86.59,,Semiurban,Y
LP1836,,Yes,2,Graduate,,3761.88,4359.28,179.79,1.0,Rural,N
LP1837,,,0,Graduate,Yes,2973.39,942.03,149.27,1.0,Rural,N
LP1838,Female,Yes,0,Not Grad,Yes,5820.9,2439.11,119.8,1.0,Semiurban,N
LP1839,,No,,Not Grad,,4811.82,2262.3,133.44,1.0,Urban,N
LP1840,Male,,1,Graduate,Yes,1671.05,1816.16,95.94,,Semiurban,Y
LP1841,Female,Yes,2,Graduate,No,5262.82,4388.21,144.7,1.0,Rural,Y
LP1842,Female,Yes,1,Graduate,,4529.71,2737.44,149.31,1.0,Urban,N
LP1843,,No,1,Graduate,,5630.14,2485.48,212.26,1.0,Semiurban,Y
LP1844,,No,0,Graduate,Yes,3303.67,2378.91,92.94,,Rural,Y
LP1845,,Yes,3+,Graduate,,5833.27,1265.05,113.31,,Urban,N
LP1846,Female,No,1,Graduate,No,4557.37,2780.65,166.74,1.0,Rural,Y
LP1847,,,,Not Grad,,3131.42,2043.95,101.62,,Urban,N
LP1848,Female,No,3+,Not Grad,Yes,3112.24,1826.39,117.66,1.0,Urban,Y
LP1849,Female,Yes,1,Not Grad,,8640.07,2346.37,74.9,1.0,Rural,N
LP1850,Female,Yes,2,Not Grad,No,4152.84,2817.11,213.54,1.0,Urban,Y
LP1851,Female,Yes,3+,Graduate,,2621.03,496.06,204.84,1.0,Rural,Y
LP1852,,,3+,Graduate,,5584.42,1305.37,151.39,,Urban,N
LP1853,Male,No,2,Graduate,,1046.38,2002.7,143.11,,Urban,N
LP1854,,Yes,3+,Not Grad,No,6386.41,1188.88,133.43,0.0,Semiurban,Y
LP1855,Male,No,0,Not Grad,No,3611.86,2204.31,94.19,,Semiurban,Y
LP1856,Male,No,1,Graduate,,4387.85,1203.35,156.05,1.0,Urban,Y
LP1857,,No,0,Graduate,No,6287.68,1812.3,131.53,1.0,Urban,N
LP1858,Male,,0,Graduate,,2827.11,1760.26,127.99,1.0,Urban,N
LP1859,,No,0,Graduate,No,8931.19,1110.43,188.57,1.0,Rural,Y
LP1860,,Yes,,Not Grad,Yes,6495.29,2224.51,200.34,,Urban,Y
LP1861,Male,No,2,Not Grad,No,5558.16,2311.33,127.88,0.0,Urban,Y
LP1862,Female,No,1,Graduate,No,6835.35,2877.18,104.97,1.0,Rural,Y
LP1863,,No,0,Not Grad,Yes,3021.13,1837.62,98.0,1.0,Rural,Y
LP1864,Female,No,1,Graduate,Yes,4904.71,2989.95,111.71,1.0,Rural,N
LP1865,,,2,Graduate,Yes,4935.76,2046.42,163.94,,Semiurban,Y
LP1866,Male,Yes,0,Not Grad,Yes,1629.67,1514.64,138.45,1.0,Urban,N
LP1867,Female,Yes,,Graduate,No,6800.12,1606.48,54.94,0.0,Rural,N
LP1868,Male,Yes,3+,Graduate,No,5929.57,1491.71,82.41,1.0,Semiurban,N
LP1869,,Yes,1,Graduate,Yes,4063.48,1852.38,105.81,,Rural,Y
LP1870,Female,Yes,0,Not Grad,Yes,1691.65,2717.65,181.0,,Rural,Y
LP1871,Female,,,Not Grad,Yes,5977.28,1089.85,121.94,1.0,Semiurban,Y
LP1872,,No,3+,Not Grad,No,4990.22,2479.04,156.73,1.0,Urban,Y
LP1873,Male,No,0,Not Grad,No,3898.74,2065.6,148.29,0.0,Semiurban,Y
LP1874,Male,No,3+,Not Grad,,7183.73,2563.61,161.56,1.0,Rural,Y
LP1875,,,0,Graduate,,5125.74,3128.37,146.39,0.0,Urban,N
LP1876,,,1,Not Grad,No,3708.37,3122.7,157.92,0.0,Semiurban,Y
LP1877,Male,,1,Graduate,No,4335.43,1616.41,141.86,,Semiurban,Y
LP1878,,,3+,Graduate,,5694.78,2157.83,142.45,0.0,Urban,N
LP1879,Male,Yes,0,Not Grad,No,7549.94,2857.23,137.63,0.0,Semiurban,N
LP1880,,Yes,3+,Graduate,Yes,6411.97,1173.98,145.92,0.0,Rural,Y
LP1881,Male,Yes,1,Graduate,,7713.96,1825.56,96.09,1.0,Semiurban,N
LP1882,Female,No,2,Graduate,No,4021.87,1128.29,98.61,0.0,Urban,Y
LP1883,,No,,Graduate,,4444.24,875.55,130.62,0.0,Rural,Y
LP1884,Male,,1,Graduate,,6353.42,1273.8,190.77,0.0,Semiurban,N
LP1885,Male,Yes,0,Graduate,Yes,5766.19,2824.46,103.69,0.0,Urban,N
LP1886,Male,Yes,3+,Not Grad,Yes,6281.79,1126.45,165.61,,Urban,N
LP1887,,No,,Not Grad,Yes,5257.76,2442.6,82.98,,Urban,Y
LP1888,Male,No,2,Not Grad,No,3657.4,2477.78,92.07,,Urban,Y
LP1889,Female,Yes,,Not Grad,No,5694.81,906.29,163.93,0.0,Urban,N
LP1890,,Yes,1,Not Grad,No,3151.22,2441.84,155.03,,Rural,Y
LP1891,Female,,1,Not Grad,Yes,3954.84,2465.62,140.42,,Urban,Y
LP1892,,Yes,3+,Graduate,Yes,4191.74,1193.16,51.49,,Semiurban,Y
LP1893,,No,3+,Graduate,,5524.48,748.16,133.81,0.0,Rural,Y
LP1894,Female,,2,Not Grad,,4604.83,2543.31,117.92,0.0,Semiurban,N
LP1895,Male,Yes,0,Graduate,Yes,4505.83,2585.5,143.4,0.0,Semiurban,Y
LP1896,Male,Yes,1,Not Grad,,5474.23,2375.41,68.58,,Urban,N
LP1897,,,1,Not Grad,,6135.18,2489.98,89.33,,Semiurban,N
LP1898,Male,Yes,2,Graduate,,4633.88,1968.55,124.62,,Urban,Y
LP1899,,No,2,Not Grad,No,5500.79,3145.09,173.27,,Semiurban,N
LP1900,Male,,0,Not Grad,No,3031.67,2497.66,183.16,0.0,Rural,Y
LP1901,Female,,3+,Not Grad,Yes,5580.21,2872.78,210.49,,Urban,Y
LP1902,,No,,Not Grad,No,6535.56,2199.45,171.8,0.0,Urban,Y
LP1903,Male,Yes,1,Not Grad,No,5217.33,2019.12,115.94,1.0,Rural,Y
LP1904,Female,No,0,Graduate,No,7345.12,1345.26,191.29,0.0,Urban,Y
LP1905,Female,Yes,2,Graduate,No,5749.8,880.56,144.71,,Semiurban,Y
LP1906,Female,No,3+,Graduate,No,1849.96,2500.41,165.41,,Urban,Y
LP1907,Male,,,Graduate,No,4111.47,2098.84,208.17,,Semiurban,Y
LP1908,Female,No,0,Graduate,,4241.38,1152.87,189.27,1.0,Semiurban,Y
LP1909,Female,Yes,,Not Grad,No,7943.88,2002.96,170.46,1.0,Urban,Y
LP1910,Male,,2,Graduate,No,7012.21,1406.01,110.59,1.0,Semiurban,N
LP1911,Male,Yes,0,Graduate,No,6846.31,3348.01,152.52,1.0,Rural,Y
LP1912,Female,,3+,Not Grad,,3680.28,3589.65,108.76,,Urban,N
LP1913,Male,,0,Not Grad,No,4497.29,2273.87,192.17,0.0,Rural,N
LP1914,Female,No,0,Not Grad,,6280.96,2331.89,148.53,1.0,Semiurban,N
LP1915,,,3+,Not Grad,No,5065.27,2446.51,28.82,,Rural,Y
LP1916,Male,Yes,,Not Grad,,4555.09,2193.06,83.96,0.0,Semiurban,Y
LP1917,,,1,Not Grad,No,5579.48,1836.42,200.22,,Semiurban,N
LP1918,,No,3+,Graduate,No,7359.53,1627.36,123.97,,Semiurban,N
LP1919,,No,2,Not Grad,No,4889.08,1638.67,137.8,0.0,Urban,Y
LP1920,,Yes,2,Graduate,No,3862.58,1095.51,154.91,,Urban,N
LP1921,Female,,2,Graduate,,5944.29,1356.55,165.81,0.0,Semiurban,N
LP1922,Female,,,Graduate,Yes,4052.63,2202.53,162.81,1.0,Urban,N
LP1923,Female,No,,Not Grad,,4949.58,2363.79,109.34,,Semiurban,Y
LP1924,,Yes,3+,Graduate,No,4705.3,1835.31,100.14,0.0,Semiurban,N
LP1925,Female,,1,Graduate,No,4734.84,761.11,110.35,1.0,Urban,N
LP1926,Male,Yes,,Not Grad,No,4572.69,1795.06,120.34,,Rural,Y
LP1927,Male,Yes,,Not Grad,Yes,4907.35,2383.55,164.98,,Semiurban,Y
LP1928,,,1,Not Grad,Yes,4025.35,1037.44,88.32,,Semiurban,N
LP1929,Female,,,Graduate,,4269.2,1718.46,99.2,0.0,Urban,Y
LP1930,,Yes,0,Not Grad,,3055.83,1635.1,137.26,,Rural,N
LP1931,Male,No,3+,Graduate,,5892.54,1554.06,113.48,,Urban,N
LP1932,Female,Yes,,Graduate,,3609.95,1974.85,96.06,0.0,Semiurban,Y
LP1933,,Yes,1,Not Grad,,5859.69,571.31,115.61,0.0,Rural,Y
LP1934,Female,No,0,Graduate,,5451.66,2147.07,237.72,,Rural,Y
LP1935,,,1,Not Grad,No,5524.7,1196.76,126.18,0.0,Urban,N
LP1936,,,0,Graduate,Yes,2335.63,1935.52,96.68,1.0,Rural,N
LP1937,Female,No,2,Graduate,,6373.09,1560.37,125.33,,Semiurban,Y
LP1938,,Yes,3+,Not Grad,,4046.66,3391.08,117.15,,Urban,Y
LP1939,Male,Yes,2,Not Grad,No,7748.84,2651.32,149.28,0.0,Semiurban,Y
LP1940,,No,,Graduate,Yes,5553.1,2315.04,52.89,1.0,Urban,N
LP1941,,,3+,Not Grad,,4581.67,2676.13,128.04,1.0,Semiurban,Y
LP1942,,,3+,Graduate,Yes,2892.22,1958.08,198.16,1.0,Rural,N
LP1943,Female,Yes,2,Not Grad,Yes,6870.34,1950.4,168.06,1.0,Rural,N
LP1944,Female,No,2,Not Grad,No,4450.24,636.9,93.02,1.0,Rural,Y
LP1945,Male,No,1,Graduate,,7344.33,1780.81,120.26,,Rural,N
LP1946,Male,Yes,1,Not Grad,Yes,4550.24,3523.31,195.04,1.0,Rural,Y
LP1947,,Yes,2,Graduate,,8328.17,1872.76,141.82,1.0,Rural,N
LP1948,Female,,0,Not Grad,Yes,2725.04,3181.55,83.29,1.0,Semiurban,Y
LP1949,,Yes,1,Not Grad,Yes,5325.16,1122.16,106.45,1.0,Urban,N
LP1950,,No,,Graduate,Yes,3744.11,1513.7,108.44,1.0,Semiurban,Y
LP1951,Female,Yes,1,Graduate,Yes,4177.6,2666.67,85.81,1.0,Semiurban,Y
LP1952,Male,Yes,3+,Graduate,,5330.81,2974.37,109.47,1.0,Semiurban,N
LP1953,Male,Yes,2,Not Grad,No,3923.12,1815.58,177.19,1.0,Urban,N
LP1954,Female,Yes,,Not Grad,,5291.16,1575.03,149.36,1.0,Urban,N
LP1955,,No,3+,Not Grad,Yes,3346.56,2545.09,146.34,,Semiurban,N
LP1956,Female,Yes,,Not Grad,No,4538.29,1329.13,94.53,1.0,Rural,Y
LP1957,Male,No,,Not Grad,No,5802.23,2983.18,104.51,1.0,Rural,N
LP1958,,No,3+,Not Grad,No,5687.58,330.38,106.62,,Urban,Y
LP1959,,,2,Graduate,Yes,4953.41,1272.25,92.54,0.0,Urban,Y
LP1960,Female,No,3+,Graduate,No,3998.33,2233.75,122.51,,Urban,N
LP1961,Male,,,Not Grad,Yes,1642.65,303.44,105.73,1.0,Rural,N
LP1962,Female,No,1,Not Grad,Yes,5686.53,-198.0,110.01,1.0,Urban,N
LP1963,Female,No,3+,Graduate,Yes,4210.63,3110.67,114.6,1.0,Rural,N
LP1964,Male,No,0,Graduate,Yes,5574.48,2113.01,44.78,0.0,Rural,Y
LP1965,Male,,1,Graduate,Yes,6152.31,2172.32,150.33,,Semiurban,Y
LP1966,Female,Yes,3+,Graduate,,10889.36,332.71,198.99,,Rural,Y
LP1967,Male,Yes,3+,Not Grad,No,4568.83,2229.86,128.18,1.0,Rural,N
LP1968,Male,Yes,0,Graduate,,4363.65,1544.13,143.18,0.0,Urban,N
LP1969,Male,No,2,Graduate,,2724.24,2600.46,113.35,1.0,Rural,Y
LP1970,,,,Graduate,No,3304.9,1639.99,180.29,1.0,Urban,Y
LP1971,Male,No,0,Not Grad,Yes,4197.0,2286.76,100.76,1.0,Semiurban,N
LP1972,Female,,2,Graduate,No,6136.88,2548.41,203.94,0.0,Semiurban,Y
LP1973,Male,Yes,0,Graduate,Yes,4736.65,2534.92,133.92,0.0,Semiurban,Y
LP1974,Male,No,2,Graduate,,6943.81,1424.93,159.8,1.0,Rural,N
LP1975,,No,3+,Graduate,No,4707.95,1948.65,133.67,0.0,Urban,N
LP1976,Male,No,,Graduate,,5378.36,1907.02,138.59,0.0,Urban,Y
LP1977,Female,No,1,Graduate,Yes,7367.18,2788.36,164.77,1.0,Semiurban,N
LP1978,,Yes,2,Not Grad,,4316.69,1288.61,168.21,,Semiurban,Y
LP1979,,,1,Not Grad,Yes,6314.07,3178.14,105.84,1.0,Semiurban,Y
LP1980,Male,,0,Graduate,Yes,4655.68,688.41,114.3,,Semiurban,Y
LP1981,Female,No,2,Graduate,Yes,6494.86,1626.8,155.62,0.0,Rural,Y
LP1982,Male,,2,Not Grad,No,4714.25,2259.25,84.09,0.0,Semiurban,Y
LP1983,,,0,Not Grad,,5127.81,-392.91,122.52,1.0,Rural,N
LP1984,Male,Yes,1,Graduate,Yes,2554.29,2964.8,161.1,0.0,Urban,Y
LP1985,Female,,0,Not Grad,No,5700.01,3216.8,92.04,,Urban,Y
LP1986,Male,,,Not Grad,,7621.04,2745.75,120.54,1.0,Semiurban,Y
LP1987,Male,No,0,Not Grad,,6703.43,1114.97,97.02,1.0,Semiurban,Y
LP1988,Male,No,2,Not Grad,No,4087.12,1576.82,87.74,1.0,Semiurban,Y
LP1989,,Yes,2,Graduate,,6834.62,1792.92,144.1,,Rural,N
LP1990,Male,No,3+,Graduate,Yes,4144.47,543.52,140.8,0.0,Semiurban,N
LP1991,,No,,Not Grad,Yes,2131.62,1945.09,75.27,,Rural,Y
LP1992,Male,Yes,,Not Grad,,7980.91,2729.09,134.23,1.0,Urban,Y
LP1993,Female,No,,Not Grad,Yes,6895.56,1322.95,151.74,0.0,Urban,Y
LP1994,Female,,3+,Not Grad,,5299.72,2211.22,180.89,1.0,Rural,Y
LP1995,,No,1,Not Grad,Yes,6098.74,2230.98,63.8,,Urban,Y
LP1996,Female,Yes,3+,Graduate,No,3559.93,1901.83,133.73,0.0,Semiurban,Y
LP1997,Female,Yes,2,Not Grad,Yes,3304.69,3929.34,190.66,1.0,Urban,N
LP1998,Female,,0,Graduate,,5903.18,2057.63,121.51,,Urban,Y
LP1999,,No,3+,Graduate,Yes,3572.12,2061.98,140.31,1.0,Rural,N
LP2000,Male,,2,Not Grad,,3137.36,2267.34,123.79,,Urban,Y
LP2001,Female,No,2,Not Grad,,2138.29,1311.69,113.46,,Semiurban,Y
LP2002,Male,Yes,3+,Not Grad,,7831.53,2445.24,76.58,0.0,Rural,N
LP2003,,,3+,Graduate,Yes,5729.05,762.16,173.31,0.0,Rural,Y
LP2004,Male,Yes,,Graduate,No,4293.31,1925.09,183.03,1.0,Urban,Y
LP2005,Male,No,,Not Grad,No,3069.25,882.31,106.66,,Urban,N
LP2006,Female,No,1,Not Grad,,6557.57,784.52,16.71,,Semiurban,N
LP2007,Female,No,,Graduate,Yes,4323.26,2441.39,178.01,1.0,Urban,Y
LP2008,Male,No,3+,Graduate,No,4305.26,1670.86,176.16,0.0,Semiurban,N
LP2009,,No,3+,Graduate,,2195.39,1689.18,137.62,1.0,Semiurban,N
LP2010,Female,Yes,1,Graduate,,5673.83,1592.15,131.38,,Rural,Y
LP2011,Male,Yes,2,Graduate,Yes,1267.51,1473.4,148.14,1.0,Urban,Y
LP2012,Male,No,3+,Not Grad,,3526.56,2047.19,147.87,0.0,Semiurban,N
LP2013,Male,,3+,Graduate,No,4486.18,2136.37,91.49,0.0,Semiurban,N
LP2014,Female,,2,Not Grad,No,4690.08,2488.17,136.28,,Semiurban,N
LP2015,,Yes,3+,Graduate,No,4120.2,2179.37,158.58,,Semiurban,Y
LP2016,Male,No,2,Not Grad,,1925.09,2927.26,116.55,,Semiurban,N
LP2017,Male,No,,Not Grad,,5638.23,2957.8,75.13,1.0,Urban,N
LP2018,Male,No,0,Not Grad,,3935.84,1769.16,98.65,1.0,Rural,N
LP2019,Female,Yes,2,Graduate,Yes,7602.4,1314.58,107.78,,Semiurban,N
LP2020,Male,Yes,0,Graduate,Yes,5306.58,1038.28,114.17,1.0,Semiurban,Y
LP2021,,Yes,0,Not Grad,,5476.18,1733.71,126.26,,Semiurban,Y
LP2022,,No,,Graduate,,4206.0,788.42,142.86,0.0,Urban,Y
LP2023,Male,Yes,1,Not Grad,,7632.4,2014.72,139.01,0.0,Urban,N
LP2024,Female,,,Graduate,No,6039.08,984.54,198.1,1.0,Semiurban,Y
LP2025,,No,0,Graduate,,5303.49,3305.49,100.68,0.0,Rural,N
LP2026,,No,1,Not Grad,,7727.09,2620.12,152.12,0.0,Urban,Y
LP2027,,No,2,Not Grad,No,5351.04,1801.18,178.02,,Semiurban,Y
LP2028,,No,1,Not Grad,Yes,5210.54,426.34,85.31,0.0,Semiurban,Y
LP2029,Female,Yes,0,Graduate,No,4721.23,2248.0,127.74,1.0,Rural,Y
LP2030,Male,Yes,3+,Not Grad,Yes,6828.46,439.12,135.74,0.0,Urban,N
LP2031,Male,No,0,Graduate,Yes,2273.03,2607.77,126.22,0.0,Urban,N
LP2032,,No,3+,Not Grad,Yes,5629.41,1308.89,181.18,,Urban,N
LP2033,Male,No,3+,Graduate,,6562.59,2466.84,124.82,,Rural,N
LP2034,Female,No,2,Not Grad,No,5869.79,1434.49,164.22,,Rural,N
LP2035,Male,No,3+,Not Grad,,7474.22,2856.49,100.82,1.0,Urban,N
LP2036,,Yes,1,Not Grad,No,5542.13,965.49,152.9,0.0,Semiurban,Y
LP2037,Male,No,3+,Graduate,Yes,5675.91,504.15,83.53,0.0,Rural,N
LP2038,Male,No,3+,Not Grad,No,4575.29,1759.31,81.62,1.0,Rural,Y
LP2039,Male,,2,Graduate,Yes,5583.47,2201.18,122.23,,Urban,Y
LP2040,Female,,1,Graduate,No,3866.31,2838.97,196.22,,Semiurban,Y
LP2041,Female,No,1,Graduate,,4274.66,1510.27,149.65,1.0,Rural,Y
LP2042,,No,2,Graduate,No,4462.96,1888.48,159.59,0.0,Semiurban,Y
LP2043,,Yes,2,Not Grad,,2135.97,3054.64,132.91,,Urban,N
LP2044,,Yes,2,Graduate,,4382.76,1928.61,128.5,,Semiurban,Y
LP2045,Female,No,1,Graduate,Yes,2403.2,3195.95,131.65,0.0,Rural,Y
LP2046,Male,,3+,Graduate,Yes,5664.5,2761.24,89.15,,Semiurban,N
LP2047,Male,No,0,Not Grad,No,5710.21,1785.89,163.87,1.0,Rural,N
LP2048,,,2,Graduate,Yes,1809.16,1920.72,105.89,0.0,Semiurban,N
LP2049,Male,Yes,1,Graduate,,5648.39,2376.04,101.69,1.0,Semiurban,N
LP2050,,Yes,3+,Graduate,,3931.74,1911.47,94.13,,Urban,N
